roundId,roundNumber,playerId,agent,score,weapon,armorId,remainingCreds,spentCreds,loadoutValue,matchId,teamId,weaponCategory,minCredsNextRound
1068262,1,585,Omen,86,Ghost,,0,800,950,68808,1265.0,sidearm,1900
1068262,1,1248,Raze,0,Ghost,,0,800,800,68808,1265.0,sidearm,1900
1068262,1,2899,Breach,84,Classic,,100,1200,700,68808,363.0,sidearm,2000
1068262,1,1652,Sova,60,Ghost,,0,800,800,68808,363.0,sidearm,1900
1068262,1,1505,KAY/O,813,Ghost,,100,700,700,68808,363.0,sidearm,2000
1068262,1,11646,Chamber,310,Ghost,,0,800,600,68808,1265.0,sidearm,1900
1068262,1,1371,Sage,230,Classic,,0,800,800,68808,1265.0,sidearm,1900
1068262,1,11474,Sova,0,Classic,,100,700,700,68808,1265.0,sidearm,2000
1068262,1,2829,Astra,261,Ghost,,0,300,650,68808,363.0,sidearm,1900
1068262,1,1685,Chamber,0,Classic,,0,800,600,68808,363.0,sidearm,1900
1068263,2,585,Omen,0,Sheriff,,1100,800,950,68808,1265.0,sidearm,3000
1068263,2,1248,Raze,0,Classic,,1900,0,300,68808,1265.0,sidearm,3800
1068263,2,2899,Breach,0,Spectre,heavy,50,3050,3050,68808,363.0,smg,1950
1068263,2,1652,Sova,0,Spectre,heavy,0,3000,3300,68808,363.0,smg,1900
1068263,2,1505,KAY/O,789,Vandal,heavy,0,3900,4600,68808,363.0,rifle,1900
1068263,2,11646,Chamber,300,Classic,,1600,500,600,68808,1265.0,sidearm,3500
1068263,2,1371,Sage,260,Sheriff,,1300,800,1600,68808,1265.0,sidearm,3200
1068263,2,11474,Sova,714,Sheriff,,1200,800,1200,68808,1265.0,sidearm,3100
1068263,2,2829,Astra,0,Spectre,heavy,150,3050,3400,68808,363.0,smg,2050
1068263,2,1685,Chamber,55,Classic,heavy,1800,1200,1600,68808,363.0,sidearm,3700
1068264,3,585,Omen,280,Vandal,heavy,50,4350,5300,68808,1265.0,rifle,1950
1068264,3,1248,Raze,25,Spectre,heavy,3500,1700,3300,68808,1265.0,smg,5400
1068264,3,2899,Breach,240,Sheriff,heavy,150,1800,2250,68808,363.0,sidearm,2050
1068264,3,1652,Sova,251,Sheriff,heavy,600,1300,2500,68808,363.0,sidearm,2500
1068264,3,1505,KAY/O,312,Vandal,heavy,100,1500,4600,68808,363.0,rifle,2000
1068264,3,11646,Chamber,239,Vandal,heavy,600,4500,4700,68808,1265.0,rifle,2500
1068264,3,1371,Sage,380,Vandal,heavy,900,3900,4700,68808,1265.0,rifle,2800
1068264,3,11474,Sova,154,Vandal,heavy,700,4200,4600,68808,1265.0,rifle,2600
1068264,3,2829,Astra,655,Stinger,light,250,1800,1950,68808,363.0,smg,2150
1068264,3,1685,Chamber,20,Vandal,light,200,3500,3800,68808,363.0,rifle,2100
1068265,4,585,Omen,0,Sheriff,,1350,800,950,68808,1265.0,sidearm,3750
1068265,4,1248,Raze,40,Vandal,light,1600,3800,3800,68808,1265.0,rifle,4000
1068265,4,2899,Breach,170,Spectre,heavy,50,3300,3300,68808,363.0,smg,1950
1068265,4,1652,Sova,25,Bulldog,heavy,50,3750,3750,68808,363.0,rifle,1950
1068265,4,1505,KAY/O,304,Bulldog,heavy,1400,3750,3750,68808,363.0,rifle,3300
1068265,4,11646,Chamber,0,Classic,heavy,1500,1200,2000,68808,1265.0,sidearm,3900
1068265,4,1371,Sage,0,Sheriff,,1600,1400,1400,68808,1265.0,sidearm,4000
1068265,4,11474,Sova,0,Sheriff,,2000,800,1100,68808,1265.0,sidearm,4400
1068265,4,2829,Astra,474,Vandal,heavy,350,1450,4350,68808,363.0,rifle,2250
1068265,4,1685,Chamber,249,Judge,heavy,150,3050,3350,68808,363.0,shotgun,2050
1068266,5,585,Omen,0,Vandal,light,0,3750,3900,68808,1265.0,rifle,1900
1068266,5,1248,Raze,72,Vandal,heavy,100,3900,4400,68808,1265.0,rifle,2000
1068266,5,2899,Breach,50,Spectre,heavy,3250,0,4100,68808,363.0,smg,5150
1068266,5,1652,Sova,610,Vandal,heavy,2350,700,5400,68808,363.0,rifle,4250
1068266,5,1505,KAY/O,0,Bulldog,heavy,4600,0,3750,68808,363.0,rifle,6500
1068266,5,11646,Chamber,1159,Classic,heavy,2900,1000,1800,68808,1265.0,sidearm,4800
1068266,5,1371,Sage,0,Vandal,heavy,100,3900,4500,68808,1265.0,rifle,2000
1068266,5,11474,Sova,217,Vandal,heavy,100,4300,4600,68808,1265.0,rifle,2000
1068266,5,2829,Astra,0,Vandal,heavy,2600,1150,4200,68808,363.0,rifle,4500
1068266,5,1685,Chamber,255,Judge,heavy,2850,500,4450,68808,363.0,shotgun,4750
1068267,6,585,Omen,40,Vandal,heavy,1950,4250,4700,68808,1265.0,rifle,3850
1068267,6,1248,Raze,220,Phantom,heavy,2000,4300,4600,68808,1265.0,rifle,3900
1068267,6,2899,Breach,0,Vandal,heavy,550,4600,4600,68808,363.0,rifle,2450
1068267,6,1652,Sova,438,Vandal,heavy,50,4600,4600,68808,363.0,rifle,1950
1068267,6,1505,KAY/O,600,Vandal,heavy,1900,4600,4600,68808,363.0,rifle,3800
1068267,6,11646,Chamber,0,Vandal,heavy,0,1200,4700,68808,1265.0,rifle,1900
1068267,6,1371,Sage,40,Vandal,heavy,2000,4300,4700,68808,1265.0,rifle,3900
1068267,6,11474,Sova,0,Vandal,heavy,0,700,4600,68808,1265.0,rifle,1900
1068267,6,2829,Astra,140,Vandal,heavy,150,4350,4350,68808,363.0,rifle,2050
1068267,6,1685,Chamber,220,Classic,heavy,3750,1200,1800,68808,363.0,sidearm,5650
1068268,7,585,Omen,0,Sheriff,light,2650,1200,1750,68808,1265.0,sidearm,5050
1068268,7,1248,Raze,240,Sheriff,light,2600,1500,1900,68808,1265.0,sidearm,5000
1068268,7,2899,Breach,396,Vandal,heavy,3300,250,4600,68808,363.0,rifle,5200
1068268,7,1652,Sova,255,Vandal,heavy,2950,300,4600,68808,363.0,rifle,4850
1068268,7,1505,KAY/O,80,Vandal,heavy,1200,4100,4600,68808,363.0,rifle,3100
1068268,7,11646,Chamber,55,Classic,light,1500,400,1200,68808,1265.0,sidearm,3900
1068268,7,1371,Sage,555,Vandal,,1000,2900,3500,68808,1265.0,rifle,3400
1068268,7,11474,Sova,280,Sheriff,,1100,800,1100,68808,1265.0,sidearm,3500
1068268,7,2829,Astra,275,Vandal,heavy,2900,450,4050,68808,363.0,rifle,4800
1068268,7,1685,Chamber,527,Vandal,heavy,6750,200,4700,68808,363.0,rifle,8650
1068269,8,585,Omen,280,Operator,light,100,5250,5800,68808,1265.0,sniper,2000
1068269,8,1248,Raze,0,Vandal,heavy,900,4600,4600,68808,1265.0,rifle,2800
1068269,8,2899,Breach,0,Vandal,heavy,2100,4600,4600,68808,363.0,rifle,4000
1068269,8,1652,Sova,313,Vandal,heavy,2550,700,4600,68808,363.0,rifle,4450
1068269,8,1505,KAY/O,120,Vandal,heavy,3200,3900,4600,68808,363.0,rifle,5100
1068269,8,11646,Chamber,0,Vandal,heavy,0,4200,4600,68808,1265.0,rifle,1900
1068269,8,1371,Sage,0,Vandal,light,0,4100,4100,68808,1265.0,rifle,1900
1068269,8,11474,Sova,1169,Vandal,light,300,3700,4000,68808,1265.0,rifle,2200
1068269,8,2829,Astra,19,Vandal,heavy,1750,4350,4350,68808,363.0,rifle,3650
1068269,8,1685,Chamber,736,Operator,heavy,3100,5900,6500,68808,363.0,sniper,5000
1068270,9,585,Omen,0,Operator,heavy,1300,2000,6950,68808,1265.0,sniper,3200
1068270,9,1248,Raze,670,Vandal,light,100,3800,4000,68808,1265.0,rifle,2000
1068270,9,2899,Breach,282,Vandal,heavy,100,3900,4600,68808,363.0,rifle,2000
1068270,9,1652,Sova,306,Odin,light,350,4300,4300,68808,363.0,heavy,2250
1068270,9,1505,KAY/O,315,Vandal,heavy,500,4600,4600,68808,363.0,rifle,2400
1068270,9,11646,Chamber,0,Bulldog,light,250,2750,3250,68808,1265.0,rifle,2150
1068270,9,1371,Sage,35,Bulldog,light,150,2850,3250,68808,1265.0,rifle,2050
1068270,9,11474,Sova,225,Vandal,light,400,3700,4000,68808,1265.0,rifle,2300
1068270,9,2829,Astra,389,Spectre,heavy,600,3050,2900,68808,363.0,smg,2500
1068270,9,1685,Chamber,0,Classic,heavy,4400,1200,1600,68808,363.0,sidearm,6300
1068271,10,585,Omen,0,Sheriff,,2400,800,1350,68808,1265.0,sidearm,4800
1068271,10,1248,Raze,410,Sheriff,,1600,800,800,68808,1265.0,sidearm,4000
1068271,10,2899,Breach,58,Vandal,heavy,100,500,4400,68808,363.0,rifle,2000
1068271,10,1652,Sova,190,Odin,heavy,1850,1700,5050,68808,363.0,heavy,3750
1068271,10,1505,KAY/O,475,Vandal,heavy,2000,4600,4600,68808,363.0,rifle,3900
1068271,10,11646,Chamber,0,Classic,light,1550,600,1400,68808,1265.0,sidearm,3950
1068271,10,1371,Sage,0,Sheriff,,1250,800,1400,68808,1265.0,sidearm,3650
1068271,10,11474,Sova,0,Sheriff,,1700,800,1200,68808,1265.0,sidearm,4100
1068271,10,2829,Astra,150,Vandal,light,50,3750,3750,68808,363.0,rifle,1950
1068271,10,1685,Chamber,250,Operator,heavy,1500,5900,6300,68808,363.0,sniper,3400
1068272,11,585,Omen,0,Vandal,heavy,350,4450,4700,68808,1265.0,rifle,3250
1068272,11,1248,Raze,0,Vandal,light,200,4000,4000,68808,1265.0,rifle,3100
1068272,11,2899,Breach,585,Vandal,heavy,1650,1450,4600,68808,363.0,rifle,3550
1068272,11,1652,Sova,0,Odin,heavy,1450,700,5050,68808,363.0,heavy,3350
1068272,11,1505,KAY/O,0,Vandal,heavy,3700,1700,5400,68808,363.0,rifle,5600
1068272,11,11646,Chamber,40,Vandal,light,50,3900,4000,68808,1265.0,rifle,2950
1068272,11,1371,Sage,0,Vandal,light,150,3500,4100,68808,1265.0,rifle,3050
1068272,11,11474,Sova,300,Vandal,light,100,4000,4000,68808,1265.0,rifle,3000
1068272,11,2829,Astra,195,Vandal,heavy,1800,4350,5300,68808,363.0,rifle,3700
1068272,11,1685,Chamber,520,Operator,heavy,3300,1400,6500,68808,363.0,sniper,5200
1068273,12,585,Omen,78,Spectre,heavy,300,2950,3400,68808,1265.0,smg,2200
1068273,12,1248,Raze,280,Judge,light,550,2550,2950,68808,1265.0,shotgun,2450
1068273,12,2899,Breach,25,Vandal,heavy,1700,450,4600,68808,363.0,rifle,3600
1068273,12,1652,Sova,334,Odin,heavy,2750,4600,4900,68808,363.0,heavy,4650
1068273,12,1505,KAY/O,279,Vandal,heavy,3550,3150,5400,68808,363.0,rifle,5450
1068273,12,11646,Chamber,260,Spectre,heavy,50,2900,3400,68808,1265.0,smg,1950
1068273,12,1371,Sage,125,Spectre,heavy,50,3000,3400,68808,1265.0,smg,1950
1068273,12,11474,Sova,632,Sheriff,heavy,1000,2200,2500,68808,1265.0,sidearm,2900
1068273,12,2829,Astra,0,Vandal,heavy,4550,450,5150,68808,363.0,rifle,6450
1068273,12,1685,Chamber,630,Vandal,heavy,2600,4100,4700,68808,363.0,rifle,4500
1068274,13,585,Omen,0,Ghost,,0,800,950,68808,1265.0,sidearm,1900
1068274,13,1248,Raze,61,Frenzy,,50,750,750,68808,1265.0,sidearm,1950
1068274,13,2899,Breach,745,Classic,,100,1200,700,68808,363.0,sidearm,2000
1068274,13,1652,Sova,0,Classic,light,0,800,800,68808,363.0,sidearm,1900
1068274,13,1505,KAY/O,190,Ghost,,100,700,700,68808,363.0,sidearm,2000
1068274,13,11646,Chamber,0,Ghost,,0,800,600,68808,1265.0,sidearm,1900
1068274,13,1371,Sage,0,Classic,,0,800,800,68808,1265.0,sidearm,1900
1068274,13,11474,Sova,0,Ghost,,0,800,800,68808,1265.0,sidearm,1900
1068274,13,2829,Astra,55,Ghost,,0,300,950,68808,363.0,sidearm,1900
1068274,13,1685,Chamber,210,Ghost,,100,700,500,68808,363.0,sidearm,2000
1068275,14,585,Omen,55,Sheriff,,1100,800,950,68808,1265.0,sidearm,3500
1068275,14,1248,Raze,0,Shorty,,1800,150,150,68808,1265.0,sidearm,4200
1068275,14,2899,Breach,48,Bulldog,heavy,250,3750,4250,68808,363.0,rifle,2150
1068275,14,1652,Sova,196,Frenzy,heavy,1600,1700,2150,68808,363.0,sidearm,3500
1068275,14,1505,KAY/O,308,Spectre,heavy,300,3300,3800,68808,363.0,smg,2200
1068275,14,11646,Chamber,0,Classic,,1300,600,700,68808,1265.0,sidearm,3700
1068275,14,1371,Sage,625,Classic,,1500,400,800,68808,1265.0,sidearm,3900
1068275,14,11474,Sova,0,Sheriff,,1100,800,800,68808,1265.0,sidearm,3500
1068275,14,2829,Astra,0,Spectre,heavy,250,3050,3700,68808,363.0,smg,2150
1068275,14,1685,Chamber,250,Ghost,heavy,2400,1200,1500,68808,363.0,sidearm,4300
1068276,15,585,Omen,200,Vandal,light,50,3450,3600,68808,1265.0,rifle,1950
1068276,15,1248,Raze,318,Vandal,light,200,4000,4000,68808,1265.0,rifle,2100
1068276,15,2899,Breach,0,Bulldog,heavy,2850,700,3750,68808,363.0,rifle,4750
1068276,15,1652,Sova,805,Vandal,heavy,500,4600,4600,68808,363.0,rifle,2400
1068276,15,1505,KAY/O,276,Spectre,heavy,2100,1700,3300,68808,363.0,smg,4000
1068276,15,11646,Chamber,80,Vandal,light,0,3700,4000,68808,1265.0,rifle,1900
1068276,15,1371,Sage,590,Vandal,heavy,400,3900,4700,68808,1265.0,rifle,2300
1068276,15,11474,Sova,126,Bulldog,light,350,3150,3150,68808,1265.0,rifle,2250
1068276,15,2829,Astra,0,Vandal,heavy,200,3350,5000,68808,363.0,rifle,2100
1068276,15,1685,Chamber,23,Phantom,heavy,1800,4100,3900,68808,363.0,rifle,3700
1068277,16,585,Omen,0,Vandal,light,2600,650,4100,68808,1265.0,rifle,4500
1068277,16,1248,Raze,350,Vandal,light,100,3300,3700,68808,1265.0,rifle,2000
1068277,16,2899,Breach,0,Vandal,heavy,900,4150,4600,68808,363.0,rifle,2800
1068277,16,1652,Sova,0,Vandal,heavy,0,1700,4600,68808,363.0,rifle,1900
1068277,16,1505,KAY/O,247,Vandal,heavy,600,3900,4600,68808,363.0,rifle,2500
1068277,16,11646,Chamber,104,Spectre,heavy,100,2900,3400,68808,1265.0,smg,2000
1068277,16,1371,Sage,0,Vandal,light,300,3500,4100,68808,1265.0,rifle,2200
1068277,16,11474,Sova,35,Bulldog,light,200,3150,3150,68808,1265.0,rifle,2100
1068277,16,2829,Astra,447,Spectre,heavy,1100,2900,3200,68808,363.0,smg,3000
1068277,16,1685,Chamber,605,Spectre,heavy,1400,2600,2600,68808,363.0,smg,3300
1068278,17,585,Omen,400,Sheriff,,3700,800,1450,68808,1265.0,sidearm,6100
1068278,17,1248,Raze,306,Sheriff,,1400,800,800,68808,1265.0,sidearm,3800
1068278,17,2899,Breach,235,Vandal,heavy,3200,700,4600,68808,363.0,rifle,5100
1068278,17,1652,Sova,0,Vandal,heavy,2450,550,4600,68808,363.0,rifle,4350
1068278,17,1505,KAY/O,473,Vandal,heavy,2100,1700,4600,68808,363.0,rifle,4000
1068278,17,11646,Chamber,300,Classic,light,1600,400,1200,68808,1265.0,sidearm,4000
1068278,17,1371,Sage,0,Marshal,,1250,950,1750,68808,1265.0,sniper,3650
1068278,17,11474,Sova,0,Sheriff,,1300,800,1350,68808,1265.0,sidearm,3700
1068278,17,2829,Astra,275,Vandal,heavy,3200,1300,4500,68808,363.0,rifle,5100
1068278,17,1685,Chamber,241,Spectre,heavy,2000,2800,2600,68808,363.0,smg,3900
1068279,18,585,Omen,0,Vandal,heavy,50,4450,4600,68808,1265.0,rifle,1950
1068279,18,1248,Raze,300,Vandal,light,0,4000,4000,68808,1265.0,rifle,1900
1068279,18,2899,Breach,0,Vandal,heavy,6000,700,4600,68808,363.0,rifle,7900
1068279,18,1652,Sova,0,Vandal,heavy,1550,4200,4600,68808,363.0,rifle,3450
1068279,18,1505,KAY/O,105,Vandal,heavy,4100,1700,5400,68808,363.0,rifle,6000
1068279,18,11646,Chamber,268,Operator,heavy,100,5900,6500,68808,1265.0,sniper,2000
1068279,18,1371,Sage,280,Vandal,light,350,3300,4100,68808,1265.0,rifle,2250
1068279,18,11474,Sova,469,Vandal,light,250,3450,4000,68808,1265.0,rifle,2150
1068279,18,2829,Astra,275,Vandal,heavy,2350,4350,4500,68808,363.0,rifle,4250
1068279,18,1685,Chamber,789,Vandal,heavy,1400,4100,3900,68808,363.0,rifle,3300
1068280,19,585,Omen,0,Spectre,heavy,100,2950,3400,68808,1265.0,smg,2000
1068280,19,1248,Raze,783,Judge,heavy,1200,3850,4050,68808,1265.0,shotgun,3100
1068280,19,2899,Breach,0,Vandal,heavy,650,4350,4600,68808,363.0,rifle,3050
1068280,19,1652,Sova,0,Vandal,heavy,2450,3900,4600,68808,363.0,rifle,4850
1068280,19,1505,KAY/O,0,Vandal,heavy,1400,4600,4600,68808,363.0,rifle,3800
1068280,19,11646,Chamber,570,Classic,heavy,2100,1200,1800,68808,1265.0,sidearm,4000
1068280,19,1371,Sage,95,Bulldog,light,500,3050,3250,68808,1265.0,rifle,2400
1068280,19,11474,Sova,0,Vandal,light,700,1100,4000,68808,1265.0,rifle,2600
1068280,19,2829,Astra,300,Vandal,heavy,250,4200,4350,68808,363.0,rifle,2650
1068280,19,1685,Chamber,52,Spectre,heavy,1100,2800,2600,68808,363.0,smg,3500
1068281,20,585,Omen,265,Vandal,heavy,2850,250,4700,68808,1265.0,rifle,4750
1068281,20,1248,Raze,880,Vandal,heavy,3300,1500,5100,68808,1265.0,rifle,5200
1068281,20,2899,Breach,186,Sheriff,light,1150,1900,1900,68808,363.0,sidearm,4050
1068281,20,1652,Sova,0,Sheriff,light,3250,1600,1900,68808,363.0,sidearm,6150
1068281,20,1505,KAY/O,240,Spectre,light,1800,2000,2700,68808,363.0,smg,4700
1068281,20,11646,Chamber,155,Operator,light,200,5300,5900,68808,1265.0,sniper,2100
1068281,20,1371,Sage,50,Bulldog,heavy,1900,1600,3850,68808,1265.0,rifle,3800
1068281,20,11474,Sova,0,Vandal,heavy,2000,1700,4600,68808,1265.0,rifle,3900
1068281,20,2829,Astra,0,Sheriff,,1750,1100,1400,68808,363.0,sidearm,4650
1068281,20,1685,Chamber,121,Vandal,light,200,3300,3300,68808,363.0,rifle,3100
1068282,21,585,Omen,25,Vandal,heavy,5600,450,5500,68808,1265.0,rifle,7500
1068282,21,1248,Raze,0,Vandal,heavy,2850,4050,4750,68808,1265.0,rifle,4750
1068282,21,2899,Breach,0,Vandal,light,450,3800,4000,68808,363.0,rifle,3350
1068282,21,1652,Sova,299,Vandal,heavy,450,3900,4600,68808,363.0,rifle,3350
1068282,21,1505,KAY/O,25,Vandal,heavy,550,4350,4600,68808,363.0,rifle,3450
1068282,21,11646,Chamber,275,Operator,heavy,2200,1200,6500,68808,1265.0,sniper,4100
1068282,21,1371,Sage,880,Vandal,heavy,4100,800,5500,68808,1265.0,rifle,6000
1068282,21,11474,Sova,0,Vandal,heavy,5000,0,4600,68808,1265.0,rifle,6900
1068282,21,2829,Astra,40,Vandal,heavy,600,4050,4500,68808,363.0,rifle,3500
1068282,21,1685,Chamber,0,Operator,,0,4900,4700,68808,363.0,sniper,2900
1068283,22,585,Omen,115,Vandal,heavy,8450,150,5500,68808,1265.0,rifle,9000
1068283,22,1248,Raze,187,Vandal,heavy,5150,700,4750,68808,1265.0,rifle,7050
1068283,22,2899,Breach,0,Sheriff,light,1900,1450,1900,68808,363.0,sidearm,4800
1068283,22,1652,Sova,0,Sheriff,,2750,800,1350,68808,363.0,sidearm,5650
1068283,22,1505,KAY/O,0,Spectre,light,1450,2000,2500,68808,363.0,smg,4350
1068283,22,11646,Chamber,154,Operator,heavy,4050,1350,6650,68808,1265.0,sniper,5950
1068283,22,1371,Sage,0,Vandal,heavy,3200,4500,5500,68808,1265.0,rifle,5100
1068283,22,11474,Sova,621,Vandal,heavy,7700,300,4600,68808,1265.0,rifle,9000
1068283,22,2829,Astra,55,Sheriff,light,2000,1500,1800,68808,363.0,sidearm,4900
1068283,22,1685,Chamber,593,Operator,heavy,0,1000,5700,68808,363.0,sniper,2900
1068284,23,585,Omen,75,Vandal,heavy,8850,150,5500,68808,1265.0,rifle,9000
1068284,23,1248,Raze,509,Vandal,heavy,3600,4750,4750,68808,1265.0,rifle,5500
1068284,23,2899,Breach,0,Vandal,heavy,200,4600,4600,68808,363.0,rifle,3100
1068284,23,1652,Sova,0,Phantom,heavy,900,4750,4750,68808,363.0,rifle,3800
1068284,23,1505,KAY/O,0,Vandal,heavy,0,4350,4600,68808,363.0,rifle,2900
1068284,23,11646,Chamber,0,Operator,heavy,7050,200,6650,68808,1265.0,sniper,8950
1068284,23,1371,Sage,595,Vandal,heavy,5400,800,5500,68808,1265.0,rifle,7300
1068284,23,11474,Sova,345,Vandal,heavy,4400,4600,4600,68808,1265.0,rifle,6300
1068284,23,2829,Astra,80,Vandal,heavy,550,4350,4350,68808,363.0,rifle,3450
1068284,23,1685,Chamber,0,Operator,heavy,1200,200,5700,68808,363.0,sniper,4100
1068285,24,585,Omen,327,Vandal,heavy,8850,150,5500,68808,1265.0,rifle,9000
1068285,24,1248,Raze,235,Judge,heavy,3050,3950,4350,68808,1265.0,shotgun,4950
1068285,24,2899,Breach,0,Bulldog,light,450,2650,3150,68808,363.0,rifle,3350
1068285,24,1652,Sova,140,Sheriff,light,2200,1600,1900,68808,363.0,sidearm,5100
1068285,24,1505,KAY/O,79,Spectre,heavy,50,2850,3050,68808,363.0,smg,2950
1068285,24,11646,Chamber,280,Operator,heavy,8800,200,6650,68808,1265.0,sniper,9000
1068285,24,1371,Sage,205,Vandal,heavy,8000,800,5500,68808,1265.0,rifle,9000
1068285,24,11474,Sova,227,Vandal,heavy,7050,550,4600,68808,1265.0,rifle,8950
1068285,24,2829,Astra,220,Spectre,heavy,400,3050,3050,68808,363.0,smg,3300
1068285,24,1685,Chamber,0,Vandal,heavy,0,4100,3900,68808,363.0,rifle,2900
1068286,25,585,Omen,212,Vandal,heavy,450,4550,4700,68808,1265.0,rifle,2350
1068286,25,1248,Raze,120,Vandal,heavy,400,4600,4600,68808,1265.0,rifle,2300
1068286,25,2899,Breach,60,Vandal,heavy,400,4600,4600,68808,363.0,rifle,2300
1068286,25,1652,Sova,182,Vandal,heavy,250,4750,4750,68808,363.0,rifle,2150
1068286,25,1505,KAY/O,0,Vandal,heavy,400,4600,4600,68808,363.0,rifle,2300
1068286,25,11646,Chamber,100,Vandal,heavy,100,4900,4700,68808,1265.0,rifle,2000
1068286,25,1371,Sage,1014,Vandal,heavy,300,4700,4700,68808,1265.0,rifle,2200
1068286,25,11474,Sova,25,Vandal,heavy,400,4600,4600,68808,1265.0,rifle,2300
1068286,25,2829,Astra,300,Vandal,heavy,650,4350,4200,68808,363.0,rifle,2550
1068286,25,1685,Chamber,0,Operator,,100,4900,4700,68808,363.0,sniper,2000
1068287,26,585,Omen,0,Vandal,heavy,450,4550,4600,68808,1265.0,rifle,2350
1068287,26,1248,Raze,0,Vandal,heavy,250,4750,4750,68808,1265.0,rifle,2150
1068287,26,2899,Breach,0,Vandal,heavy,400,4600,4600,68808,363.0,rifle,2300
1068287,26,1652,Sova,25,Phantom,heavy,250,4750,4750,68808,363.0,rifle,2150
1068287,26,1505,KAY/O,300,Vandal,heavy,250,4750,4750,68808,363.0,rifle,2150
1068287,26,11646,Chamber,480,Operator,,0,5000,4800,68808,1265.0,sniper,1900
1068287,26,1371,Sage,0,Vandal,heavy,300,4700,4700,68808,1265.0,rifle,2200
1068287,26,11474,Sova,918,Vandal,heavy,400,4600,4600,68808,1265.0,rifle,2300
1068287,26,2829,Astra,40,Vandal,heavy,650,4350,4500,68808,363.0,rifle,2550
1068287,26,1685,Chamber,0,Operator,,100,4900,4700,68808,363.0,sniper,2000
1068457,1,585,Omen,25,Ghost,,0,800,950,68809,1265.0,sidearm,1900
1068457,1,1248,Raze,328,Frenzy,,50,750,750,68809,1265.0,sidearm,1950
1068457,1,2899,Fade,250,Classic,,100,700,700,68809,363.0,sidearm,2000
1068457,1,1652,Breach,440,Classic,,100,700,700,68809,363.0,sidearm,2000
1068457,1,1505,Raze,250,Ghost,,100,700,700,68809,363.0,sidearm,2000
1068457,1,11646,Jett,180,Ghost,,100,700,700,68809,1265.0,sidearm,2000
1068457,1,1371,Sage,178,Classic,,0,800,800,68809,1265.0,sidearm,1900
1068457,1,11474,Cypher,117,Ghost,,0,800,500,68809,1265.0,sidearm,1900
1068457,1,2829,Omen,215,Classic,,0,800,800,68809,363.0,sidearm,1900
1068457,1,1685,Chamber,0,Frenzy,,150,650,450,68809,363.0,sidearm,2050
1068458,2,585,Omen,0,Sheriff,,1100,800,950,68809,1265.0,sidearm,3500
1068458,2,1248,Raze,0,Shorty,,2000,150,450,68809,1265.0,sidearm,4400
1068458,2,2899,Fade,110,Spectre,heavy,300,3300,3800,68809,363.0,smg,2200
1068458,2,1652,Breach,0,Bulldog,heavy,50,3750,3750,68809,363.0,rifle,1950
1068458,2,1505,Raze,903,Spectre,heavy,500,3100,3300,68809,363.0,smg,2400
1068458,2,11646,Jett,0,Sheriff,,1400,800,800,68809,1265.0,sidearm,3800
1068458,2,1371,Sage,55,Sheriff,,900,1200,1200,68809,1265.0,sidearm,3300
1068458,2,11474,Cypher,0,Sheriff,,1100,800,800,68809,1265.0,sidearm,3500
1068458,2,2829,Omen,0,Bulldog,heavy,0,3500,4300,68809,363.0,rifle,1900
1068458,2,1685,Chamber,208,Vandal,light,150,3300,3300,68809,363.0,rifle,2050
1068459,3,585,Omen,0,Vandal,light,50,3450,3600,68809,1265.0,rifle,1950
1068459,3,1248,Raze,403,Vandal,heavy,100,4300,4600,68809,1265.0,rifle,2000
1068459,3,2899,Fade,0,Vandal,heavy,3100,500,5100,68809,363.0,rifle,5000
1068459,3,1652,Breach,254,Bulldog,heavy,2650,700,4550,68809,363.0,rifle,4550
1068459,3,1505,Raze,0,Spectre,heavy,2900,1700,4100,68809,363.0,smg,4800
1068459,3,11646,Jett,151,Vandal,light,150,3650,3650,68809,1265.0,rifle,2050
1068459,3,1371,Sage,773,Vandal,light,0,3300,3700,68809,1265.0,rifle,1900
1068459,3,11474,Cypher,70,Bulldog,light,450,3050,2450,68809,1265.0,rifle,2350
1068459,3,2829,Omen,340,Bulldog,heavy,2850,450,4300,68809,363.0,rifle,4750
1068459,3,1685,Chamber,54,Spectre,heavy,2450,1200,3400,68809,363.0,smg,4350
1068460,4,585,Omen,40,Vandal,heavy,1400,1650,4700,68809,1265.0,rifle,3300
1068460,4,1248,Raze,0,Vandal,light,0,3300,4000,68809,1265.0,rifle,1900
1068460,4,2899,Fade,426,Vandal,heavy,650,4350,4600,68809,363.0,rifle,2550
1068460,4,1652,Breach,245,Phantom,heavy,150,4600,4600,68809,363.0,rifle,2050
1068460,4,1505,Raze,589,Vandal,heavy,900,3900,4600,68809,363.0,rifle,2800
1068460,4,11646,Jett,0,Vandal,heavy,2000,1350,4450,68809,1265.0,rifle,3900
1068460,4,1371,Sage,0,Vandal,heavy,1800,1800,4700,68809,1265.0,rifle,3700
1068460,4,11474,Cypher,300,Bulldog,light,400,3050,2550,68809,1265.0,rifle,2300
1068460,4,2829,Omen,0,Vandal,heavy,900,4050,4700,68809,363.0,rifle,2800
1068460,4,1685,Chamber,114,Vandal,heavy,250,4100,3900,68809,363.0,rifle,2150
1068461,5,585,Omen,149,Sheriff,,2350,800,1050,68809,1265.0,sidearm,4250
1068461,5,1248,Raze,50,Shorty,,1900,150,550,68809,1265.0,sidearm,3800
1068461,5,2899,Fade,138,Vandal,heavy,750,700,4600,68809,363.0,rifle,2650
1068461,5,1652,Breach,0,Phantom,heavy,1950,1700,4600,68809,363.0,rifle,3850
1068461,5,1505,Raze,250,Vandal,heavy,3900,700,4600,68809,363.0,rifle,5800
1068461,5,11646,Jett,1249,Sheriff,light,2700,1200,1400,68809,1265.0,sidearm,4600
1068461,5,1371,Sage,0,Marshal,,1950,1750,1750,68809,1265.0,sniper,3850
1068461,5,11474,Cypher,0,Sheriff,,1700,800,800,68809,1265.0,sidearm,3600
1068461,5,2829,Omen,74,Vandal,heavy,3550,650,4700,68809,363.0,rifle,5450
1068461,5,1685,Chamber,490,Phantom,heavy,2350,4100,3900,68809,363.0,rifle,4250
1068462,6,585,Omen,25,Phantom,heavy,4000,1550,5500,68809,1265.0,rifle,5900
1068462,6,1248,Raze,40,Vandal,heavy,700,4200,4600,68809,1265.0,rifle,2600
1068462,6,2899,Fade,240,Vandal,heavy,950,4600,4600,68809,363.0,rifle,2850
1068462,6,1652,Breach,102,Vandal,light,50,3800,3800,68809,363.0,rifle,1950
1068462,6,1505,Raze,0,Vandal,heavy,1400,4600,4600,68809,363.0,rifle,3300
1068462,6,11646,Jett,920,Operator,heavy,100,6400,7200,68809,1265.0,sniper,2000
1068462,6,1371,Sage,80,Vandal,heavy,3950,1000,4700,68809,1265.0,rifle,5850
1068462,6,11474,Cypher,234,Vandal,heavy,200,4500,3900,68809,1265.0,rifle,2100
1068462,6,2829,Omen,1158,Vandal,heavy,1100,4350,4700,68809,363.0,rifle,3000
1068462,6,1685,Chamber,0,Classic,heavy,550,1200,1000,68809,363.0,sidearm,2450
1068463,7,585,Omen,0,Sheriff,,2200,800,1150,68809,1265.0,sidearm,4600
1068463,7,1248,Raze,0,Frenzy,light,1750,850,1550,68809,1265.0,sidearm,4150
1068463,7,2899,Fade,443,Vandal,light,450,4000,4000,68809,363.0,rifle,2350
1068463,7,1652,Breach,52,Spectre,heavy,300,3050,3300,68809,363.0,smg,2200
1068463,7,1505,Raze,75,Vandal,heavy,500,4200,4600,68809,363.0,rifle,2400
1068463,7,11646,Jett,0,Vandal,,2600,2900,3200,68809,1265.0,rifle,5000
1068463,7,1371,Sage,0,Vandal,light,2150,3700,4100,68809,1265.0,rifle,4550
1068463,7,11474,Cypher,940,Sheriff,,1500,800,800,68809,1265.0,sidearm,3900
1068463,7,2829,Omen,158,Vandal,heavy,750,4450,4700,68809,363.0,rifle,2650
1068463,7,1685,Chamber,514,Spectre,heavy,1050,2800,2600,68809,363.0,smg,2950
1068464,8,585,Omen,330,Vandal,heavy,250,4350,4700,68809,1265.0,rifle,3150
1068464,8,1248,Raze,0,Vandal,heavy,250,3900,4300,68809,1265.0,rifle,3150
1068464,8,2899,Fade,214,Vandal,heavy,2450,1700,4600,68809,363.0,rifle,4350
1068464,8,1652,Breach,240,Vandal,heavy,0,700,4600,68809,363.0,rifle,1900
1068464,8,1505,Raze,259,Vandal,heavy,2400,4300,4600,68809,363.0,rifle,4300
1068464,8,11646,Jett,570,Operator,,100,4900,5200,68809,1265.0,sniper,3000
1068464,8,1371,Sage,180,Vandal,heavy,250,4300,4700,68809,1265.0,rifle,3150
1068464,8,11474,Cypher,0,Vandal,heavy,0,4500,4000,68809,1265.0,rifle,2900
1068464,8,2829,Omen,519,Bulldog,heavy,750,3500,3850,68809,363.0,rifle,2650
1068464,8,1685,Chamber,120,Operator,,50,4700,4700,68809,363.0,sniper,1950
1068465,9,585,Omen,0,Sheriff,,2550,800,1450,68809,1265.0,sidearm,5450
1068465,9,1248,Raze,0,Sheriff,light,1650,1500,1900,68809,1265.0,sidearm,4550
1068465,9,2899,Fade,190,Vandal,heavy,1550,4400,4600,68809,363.0,rifle,3450
1068465,9,1652,Breach,183,Vandal,heavy,1650,4750,4750,68809,363.0,rifle,3550
1068465,9,1505,Raze,0,Vandal,heavy,1700,4200,4600,68809,363.0,rifle,3600
1068465,9,11646,Jett,110,Sheriff,light,2200,1200,1700,68809,1265.0,sidearm,5100
1068465,9,1371,Sage,202,Marshal,,1600,1750,1750,68809,1265.0,sniper,4500
1068465,9,11474,Cypher,199,Sheriff,,2000,900,900,68809,1265.0,sidearm,4900
1068465,9,2829,Omen,495,Vandal,heavy,900,650,4700,68809,363.0,rifle,2800
1068465,9,1685,Chamber,281,Spectre,heavy,550,2800,2600,68809,363.0,smg,2450
1068466,10,585,Omen,74,Vandal,heavy,1100,4350,4700,68809,1265.0,rifle,4000
1068466,10,1248,Raze,0,Phantom,heavy,650,3900,4600,68809,1265.0,rifle,3550
1068466,10,2899,Fade,65,Vandal,heavy,4350,700,4600,68809,363.0,rifle,6250
1068466,10,1652,Breach,0,Vandal,heavy,3450,1700,4750,68809,363.0,rifle,5350
1068466,10,1505,Raze,659,Vandal,heavy,3300,1700,4600,68809,363.0,rifle,5200
1068466,10,11646,Jett,225,Operator,,0,5100,5400,68809,1265.0,sniper,2900
1068466,10,1371,Sage,34,Vandal,heavy,600,3900,4700,68809,1265.0,rifle,3500
1068466,10,11474,Cypher,320,Vandal,heavy,700,4400,4000,68809,1265.0,rifle,3600
1068466,10,2829,Omen,140,Vandal,heavy,4050,550,5500,68809,363.0,rifle,5950
1068466,10,1685,Chamber,510,Vandal,heavy,150,3900,3900,68809,363.0,rifle,2050
1068467,11,585,Omen,473,Sheriff,,3200,800,1450,68809,1265.0,sidearm,6100
1068467,11,1248,Raze,375,Sheriff,light,2050,1500,1900,68809,1265.0,sidearm,4950
1068467,11,2899,Fade,71,Vandal,heavy,3250,4400,4600,68809,363.0,rifle,5150
1068467,11,1652,Breach,95,Vandal,heavy,6050,700,4750,68809,363.0,rifle,7950
1068467,11,1505,Raze,0,Vandal,heavy,2400,4600,4600,68809,363.0,rifle,4300
1068467,11,11646,Jett,0,Sheriff,,2300,800,1500,68809,1265.0,sidearm,5200
1068467,11,1371,Sage,0,Marshal,,2350,1150,1750,68809,1265.0,sniper,5250
1068467,11,11474,Cypher,280,Sheriff,light,2200,1600,1200,68809,1265.0,sidearm,5100
1068467,11,2829,Omen,355,Vandal,heavy,7000,550,5500,68809,363.0,rifle,8900
1068467,11,1685,Chamber,628,Vandal,heavy,2650,1200,3900,68809,363.0,rifle,4550
1068468,12,585,Omen,574,Vandal,heavy,2250,4250,4700,68809,1265.0,rifle,4150
1068468,12,1248,Raze,0,Vandal,heavy,550,4600,4600,68809,1265.0,rifle,2450
1068468,12,2899,Fade,0,Vandal,heavy,6250,500,5400,68809,363.0,rifle,8150
1068468,12,1652,Breach,80,Vandal,heavy,4500,4500,4750,68809,363.0,rifle,6400
1068468,12,1505,Raze,502,Vandal,heavy,1100,4600,4600,68809,363.0,rifle,3000
1068468,12,11646,Jett,570,Operator,light,100,5100,5650,68809,1265.0,sniper,2000
1068468,12,1371,Sage,25,Vandal,heavy,1350,3900,4700,68809,1265.0,rifle,3250
1068468,12,11474,Cypher,260,Vandal,heavy,800,4500,4200,68809,1265.0,rifle,2700
1068468,12,2829,Omen,220,Vandal,heavy,4450,4550,4700,68809,363.0,rifle,6350
1068468,12,1685,Chamber,0,Vandal,heavy,2250,4100,4100,68809,363.0,rifle,4150
1068469,13,585,Omen,30,Ghost,,50,750,900,68809,1265.0,sidearm,1950
1068469,13,1248,Raze,75,Ghost,,0,800,800,68809,1265.0,sidearm,1900
1068469,13,2899,Fade,140,Classic,,100,1200,700,68809,363.0,sidearm,2000
1068469,13,1652,Breach,188,Ghost,,50,750,750,68809,363.0,sidearm,1950
1068469,13,1505,Raze,25,Ghost,,0,800,800,68809,363.0,sidearm,1900
1068469,13,11646,Jett,0,Ghost,,100,700,700,68809,1265.0,sidearm,2000
1068469,13,1371,Sage,0,Classic,,0,800,800,68809,1265.0,sidearm,1900
1068469,13,11474,Cypher,715,Ghost,,0,800,600,68809,1265.0,sidearm,1900
1068469,13,2829,Omen,250,Ghost,,0,300,950,68809,363.0,sidearm,1900
1068469,13,1685,Chamber,495,Ghost,,100,700,500,68809,363.0,sidearm,2000
1068470,14,585,Omen,82,Sheriff,,1450,800,950,68809,1265.0,sidearm,3850
1068470,14,1248,Raze,236,Sheriff,,1400,800,1100,68809,1265.0,sidearm,3800
1068470,14,2899,Fade,150,Spectre,heavy,0,3300,3800,68809,363.0,smg,1900
1068470,14,1652,Breach,0,Spectre,heavy,150,3100,3600,68809,363.0,smg,2050
1068470,14,1505,Raze,230,Judge,light,50,2950,2950,68809,363.0,shotgun,1950
1068470,14,11646,Jett,55,Sheriff,,1500,800,1000,68809,1265.0,sidearm,3900
1068470,14,1371,Sage,255,Sheriff,,1400,800,1600,68809,1265.0,sidearm,3800
1068470,14,11474,Cypher,0,Sheriff,,2000,800,800,68809,1265.0,sidearm,4400
1068470,14,2829,Omen,0,Spectre,heavy,250,2950,3400,68809,363.0,smg,2150
1068470,14,1685,Chamber,830,Vandal,light,0,3500,3300,68809,363.0,rifle,1900
1068471,15,585,Omen,0,Vandal,light,0,3850,4000,68809,1265.0,rifle,1900
1068471,15,1248,Raze,345,Phantom,light,300,3700,4000,68809,1265.0,rifle,2200
1068471,15,2899,Fade,255,Ghost,heavy,3200,0,2200,68809,363.0,sidearm,5100
1068471,15,1652,Breach,0,Spectre,heavy,1450,1700,4100,68809,363.0,smg,3350
1068471,15,1505,Raze,343,Judge,heavy,1950,1300,3550,68809,363.0,shotgun,3850
1068471,15,11646,Jett,779,Vandal,heavy,0,3900,4100,68809,1265.0,rifle,1900
1068471,15,1371,Sage,274,Vandal,heavy,100,3900,4700,68809,1265.0,rifle,2000
1068471,15,11474,Cypher,0,Vandal,light,500,3900,3700,68809,1265.0,rifle,2400
1068471,15,2829,Omen,55,Sheriff,heavy,2700,550,2600,68809,363.0,sidearm,4600
1068471,15,1685,Chamber,40,Vandal,heavy,2400,1200,3900,68809,363.0,rifle,4300
1068472,16,585,Omen,225,Vandal,light,0,400,3850,68809,1265.0,rifle,1900
1068472,16,1248,Raze,280,Vandal,heavy,2100,4600,4600,68809,1265.0,rifle,4000
1068472,16,2899,Fade,0,Vandal,heavy,700,4600,4600,68809,363.0,rifle,3100
1068472,16,1652,Breach,277,Bulldog,heavy,50,3300,3550,68809,363.0,rifle,2450
1068472,16,1505,Raze,216,Vandal,heavy,150,3900,4600,68809,363.0,rifle,2550
1068472,16,11646,Jett,700,Vandal,heavy,2200,1700,4600,68809,1265.0,rifle,4100
1068472,16,1371,Sage,120,Vandal,heavy,2200,1400,4700,68809,1265.0,rifle,4100
1068472,16,11474,Cypher,74,Vandal,light,300,3500,3700,68809,1265.0,rifle,2200
1068472,16,2829,Omen,99,Vandal,heavy,150,4450,4700,68809,363.0,rifle,2550
1068472,16,1685,Chamber,275,Classic,heavy,3100,1200,1000,68809,363.0,sidearm,5500
1068473,17,585,Omen,50,Vandal,heavy,1850,4550,4700,68809,1265.0,rifle,3750
1068473,17,1248,Raze,545,Vandal,heavy,2000,700,4600,68809,1265.0,rifle,3900
1068473,17,2899,Fade,0,Sheriff,light,1400,1700,1900,68809,363.0,sidearm,4300
1068473,17,1652,Breach,590,Frenzy,,2200,450,450,68809,363.0,sidearm,5100
1068473,17,1505,Raze,0,Sheriff,light,1550,1200,1600,68809,363.0,sidearm,4450
1068473,17,11646,Jett,0,Vandal,heavy,1800,1400,4600,68809,1265.0,rifle,3700
1068473,17,1371,Sage,295,Vandal,heavy,800,4700,4700,68809,1265.0,rifle,2700
1068473,17,11474,Cypher,460,Vandal,heavy,2000,4500,4300,68809,1265.0,rifle,3900
1068473,17,2829,Omen,298,Sheriff,,1600,950,1100,68809,363.0,sidearm,4500
1068473,17,1685,Chamber,300,Operator,heavy,0,5700,5700,68809,363.0,sniper,2900
1068474,18,585,Omen,580,Operator,heavy,800,1450,6500,68809,1265.0,sniper,2700
1068474,18,1248,Raze,0,Vandal,heavy,1600,4100,4600,68809,1265.0,rifle,3500
1068474,18,2899,Fade,151,Vandal,light,500,3800,4000,68809,363.0,rifle,2400
1068474,18,1652,Breach,350,Vandal,heavy,900,4600,4600,68809,363.0,rifle,2800
1068474,18,1505,Raze,554,Vandal,heavy,50,4400,4400,68809,363.0,rifle,1950
1068474,18,11646,Jett,0,Vandal,heavy,850,4250,4600,68809,1265.0,rifle,2750
1068474,18,1371,Sage,260,Vandal,heavy,2500,4700,4700,68809,1265.0,rifle,4400
1068474,18,11474,Cypher,0,Vandal,heavy,5100,600,4900,68809,1265.0,rifle,7000
1068474,18,2829,Omen,399,Vandal,heavy,150,4550,4700,68809,363.0,rifle,2050
1068474,18,1685,Chamber,128,Vandal,,0,3100,2900,68809,363.0,rifle,1900
1068475,19,585,Omen,300,Operator,,50,4850,5200,68809,1265.0,sniper,2450
1068475,19,1248,Raze,0,Vandal,light,0,3500,3500,68809,1265.0,rifle,2400
1068475,19,2899,Fade,0,Vandal,light,100,500,4000,68809,363.0,rifle,2000
1068475,19,1652,Breach,170,Vandal,heavy,200,3900,4350,68809,363.0,rifle,2100
1068475,19,1505,Raze,260,Vandal,heavy,1950,4400,4600,68809,363.0,rifle,3850
1068475,19,11646,Jett,0,Bucky,heavy,500,2250,2550,68809,1265.0,shotgun,2900
1068475,19,1371,Sage,0,Vandal,heavy,100,4500,4500,68809,1265.0,rifle,2500
1068475,19,11474,Cypher,0,Vandal,heavy,700,4500,4300,68809,1265.0,rifle,3100
1068475,19,2829,Omen,0,Vandal,heavy,200,3350,4700,68809,363.0,rifle,2100
1068475,19,1685,Chamber,895,Operator,heavy,1800,1200,5700,68809,363.0,sniper,3700
1068567,1,585,Killjoy,0,Classic,light,0,800,600,68810,1265.0,sidearm,1900
1068567,1,1248,Skye,16,Ghost,,100,700,950,68810,1265.0,sidearm,2000
1068567,1,2899,Breach,0,Classic,,100,1200,700,68810,363.0,sidearm,2000
1068567,1,1652,Sova,530,Ghost,,0,800,800,68810,363.0,sidearm,1900
1068567,1,1505,Raze,490,Ghost,,100,700,700,68810,363.0,sidearm,2000
1068567,1,11646,Jett,40,Ghost,,100,700,700,68810,1265.0,sidearm,2000
1068567,1,1371,Omen,44,Classic,,350,450,600,68810,1265.0,sidearm,2250
1068567,1,11474,Fade,0,Ghost,,50,750,750,68810,1265.0,sidearm,1950
1068567,1,2829,Omen,0,Ghost,,0,300,950,68810,363.0,sidearm,1900
1068567,1,1685,Chamber,153,Ghost,,100,700,500,68810,363.0,sidearm,2000
1068568,2,585,Killjoy,838,Sheriff,,1100,800,1000,68810,1265.0,sidearm,3000
1068568,2,1248,Skye,610,Classic,,2000,0,450,68810,1265.0,sidearm,3900
1068568,2,2899,Breach,78,Spectre,heavy,0,3100,3600,68810,363.0,smg,1900
1068568,2,1652,Sova,230,Bulldog,heavy,200,3200,3850,68810,363.0,rifle,2100
1068568,2,1505,Raze,0,Spectre,heavy,400,3100,3600,68810,363.0,smg,2300
1068568,2,11646,Jett,0,Sheriff,,1200,800,800,68810,1265.0,sidearm,3100
1068568,2,1371,Omen,25,Sheriff,,1450,800,1400,68810,1265.0,sidearm,3350
1068568,2,11474,Fade,0,Sheriff,,1150,800,800,68810,1265.0,sidearm,3050
1068568,2,2829,Omen,0,Spectre,heavy,0,3000,3650,68810,363.0,smg,1900
1068568,2,1685,Chamber,250,Ghost,heavy,2100,1200,1500,68810,363.0,sidearm,4000
1068569,3,585,Killjoy,0,Spectre,heavy,3400,1600,3800,68810,1265.0,smg,5300
1068569,3,1248,Skye,25,Spectre,heavy,4200,1500,4050,68810,1265.0,smg,6100
1068569,3,2899,Breach,0,Ghost,heavy,200,1700,2200,68810,363.0,sidearm,2600
1068569,3,1652,Sova,36,Spectre,light,300,2000,2300,68810,363.0,smg,2700
1068569,3,1505,Raze,0,Spectre,light,100,2200,2500,68810,363.0,smg,2500
1068569,3,11646,Jett,315,Vandal,heavy,50,4450,4450,68810,1265.0,rifle,1950
1068569,3,1371,Omen,0,Vandal,heavy,500,4250,5500,68810,1265.0,rifle,2400
1068569,3,11474,Fade,265,Vandal,heavy,100,4350,4350,68810,1265.0,rifle,2000
1068569,3,2829,Omen,55,Sheriff,light,450,1450,2000,68810,363.0,sidearm,2850
1068569,3,1685,Chamber,245,Vandal,heavy,100,4100,3900,68810,363.0,rifle,2500
1068570,4,585,Killjoy,309,Spectre,heavy,5100,1600,3800,68810,1265.0,smg,7000
1068570,4,1248,Skye,0,Vandal,heavy,4100,500,5350,68810,1265.0,rifle,6000
1068570,4,2899,Breach,412,Spectre,heavy,1200,0,2850,68810,363.0,smg,4100
1068570,4,1652,Sova,300,Spectre,light,1300,0,2000,68810,363.0,smg,4200
1068570,4,1505,Raze,205,Sheriff,light,1700,800,1900,68810,363.0,sidearm,4600
1068570,4,11646,Jett,253,Vandal,heavy,2200,4250,4600,68810,1265.0,rifle,4100
1068570,4,1371,Omen,735,Vandal,heavy,3550,250,5500,68810,1265.0,rifle,5450
1068570,4,11474,Fade,0,Vandal,heavy,2900,700,4600,68810,1265.0,rifle,4800
1068570,4,2829,Omen,0,Vandal,light,1450,0,3650,68810,363.0,rifle,4350
1068570,4,1685,Chamber,55,Ghost,light,1800,900,1400,68810,363.0,sidearm,4700
1068571,5,585,Killjoy,0,Operator,heavy,2500,6100,6300,68810,1265.0,sniper,4400
1068571,5,1248,Skye,40,Vandal,heavy,3000,4400,4850,68810,1265.0,rifle,4900
1068571,5,2899,Breach,135,Vandal,heavy,150,4150,4400,68810,363.0,rifle,2050
1068571,5,1652,Sova,238,Vandal,heavy,100,4300,4300,68810,363.0,rifle,2000
1068571,5,1505,Raze,84,Vandal,heavy,600,4200,4600,68810,363.0,rifle,2500
1068571,5,11646,Jett,0,Vandal,heavy,4500,1200,4600,68810,1265.0,rifle,6400
1068571,5,1371,Omen,0,Vandal,heavy,5900,1550,5500,68810,1265.0,rifle,7800
1068571,5,11474,Fade,900,Vandal,heavy,1800,4400,4600,68810,1265.0,rifle,3700
1068571,5,2829,Omen,0,Vandal,heavy,0,4350,4700,68810,363.0,rifle,1900
1068571,5,1685,Chamber,940,Vandal,heavy,600,4100,4400,68810,363.0,rifle,2500
1068572,6,585,Killjoy,0,Operator,heavy,500,5700,6300,68810,1265.0,sniper,2900
1068572,6,1248,Skye,0,Vandal,heavy,500,4400,4850,68810,1265.0,rifle,2900
1068572,6,2899,Breach,0,Vandal,heavy,0,450,4600,68810,363.0,rifle,1900
1068572,6,1652,Sova,102,Vandal,heavy,2600,700,4600,68810,363.0,rifle,4500
1068572,6,1505,Raze,1212,Vandal,heavy,2100,4400,4600,68810,363.0,rifle,4000
1068572,6,11646,Jett,40,Vandal,heavy,2300,4100,4600,68810,1265.0,rifle,4700
1068572,6,1371,Omen,55,Vandal,heavy,1450,4550,4700,68810,1265.0,rifle,3850
1068572,6,11474,Fade,0,Vandal,heavy,150,4150,4350,68810,1265.0,rifle,2550
1068572,6,2829,Omen,25,Vandal,heavy,1850,4050,4700,68810,363.0,rifle,3750
1068572,6,1685,Chamber,0,Classic,heavy,100,1200,1300,68810,363.0,sidearm,2000
1068573,7,585,Killjoy,0,Sheriff,,2100,800,1400,68810,1265.0,sidearm,5000
1068573,7,1248,Skye,280,Vandal,light,2000,3800,4250,68810,1265.0,rifle,4900
1068573,7,2899,Breach,490,Vandal,heavy,2500,500,4600,68810,363.0,rifle,4400
1068573,7,1652,Sova,0,Vandal,heavy,4750,850,4750,68810,363.0,rifle,6650
1068573,7,1505,Raze,279,Vandal,heavy,4200,1700,4600,68810,363.0,rifle,6100
1068573,7,11646,Jett,630,Classic,light,1200,600,1100,68810,1265.0,sidearm,4100
1068573,7,1371,Omen,220,Vandal,,650,3200,3550,68810,1265.0,rifle,3550
1068573,7,11474,Fade,0,Vandal,light,750,400,3300,68810,1265.0,rifle,3650
1068573,7,2829,Omen,155,Vandal,heavy,4700,150,4700,68810,363.0,rifle,6600
1068573,7,1685,Chamber,250,Operator,heavy,2900,200,6000,68810,363.0,sniper,4800
1068574,8,585,Killjoy,0,Vandal,heavy,1100,3900,4300,68810,1265.0,rifle,3000
1068574,8,1248,Skye,429,Phantom,heavy,700,4400,4850,68810,1265.0,rifle,2600
1068574,8,2899,Breach,59,Vandal,heavy,1750,4150,4600,68810,363.0,rifle,3650
1068574,8,1652,Sova,80,Vandal,heavy,3850,3900,4600,68810,363.0,rifle,5750
1068574,8,1505,Raze,902,Vandal,heavy,3000,4400,4600,68810,363.0,rifle,4900
1068574,8,11646,Jett,34,Vandal,heavy,600,3900,4600,68810,1265.0,rifle,2500
1068574,8,1371,Omen,80,Vandal,light,300,3450,4100,68810,1265.0,rifle,2200
1068574,8,11474,Fade,1006,Vandal,light,150,3500,3500,68810,1265.0,rifle,2050
1068574,8,2829,Omen,60,Vandal,heavy,4650,3250,4700,68810,363.0,rifle,6550
1068574,8,1685,Chamber,0,Operator,heavy,4900,1200,6000,68810,363.0,sniper,6800
1068575,9,585,Killjoy,300,Operator,heavy,2700,1700,6800,68810,1265.0,sniper,4600
1068575,9,1248,Skye,0,Phantom,light,200,4000,4250,68810,1265.0,rifle,2100
1068575,9,2899,Breach,200,Vandal,light,150,3500,4000,68810,363.0,rifle,2050
1068575,9,1652,Sova,165,Vandal,heavy,1150,4600,4600,68810,363.0,rifle,3050
1068575,9,1505,Raze,698,Vandal,heavy,900,4600,4400,68810,363.0,rifle,2800
1068575,9,11646,Jett,25,Vandal,light,200,3700,4000,68810,1265.0,rifle,2100
1068575,9,1371,Omen,0,Vandal,heavy,2150,1450,4700,68810,1265.0,rifle,4050
1068575,9,11474,Fade,40,Vandal,light,250,4000,4000,68810,1265.0,rifle,2150
1068575,9,2829,Omen,0,Vandal,heavy,2200,4350,4700,68810,363.0,rifle,4100
1068575,9,1685,Chamber,260,Operator,heavy,900,5900,6000,68810,363.0,sniper,2800
1068576,10,585,Killjoy,55,Sheriff,light,2000,1200,1800,68810,1265.0,sidearm,4400
1068576,10,1248,Skye,0,Sheriff,,2100,800,1250,68810,1265.0,sidearm,4500
1068576,10,2899,Breach,754,Vandal,heavy,1850,1500,4600,68810,363.0,rifle,3750
1068576,10,1652,Sova,0,Vandal,heavy,3500,850,4750,68810,363.0,rifle,5400
1068576,10,1505,Raze,0,Vandal,heavy,2900,4300,4400,68810,363.0,rifle,4800
1068576,10,11646,Jett,340,Sheriff,,1300,800,1150,68810,1265.0,sidearm,3700
1068576,10,1371,Omen,279,Vandal,,1150,2900,3550,68810,1265.0,rifle,3550
1068576,10,11474,Fade,55,Sheriff,light,1750,1200,1900,68810,1265.0,sidearm,4150
1068576,10,2829,Omen,299,Vandal,heavy,2150,150,4600,68810,363.0,rifle,4050
1068576,10,1685,Chamber,170,Operator,heavy,3900,200,6000,68810,363.0,sniper,5800
1068577,11,585,Killjoy,629,Vandal,heavy,500,3900,4300,68810,1265.0,rifle,2400
1068577,11,1248,Skye,371,Vandal,heavy,100,4400,4850,68810,1265.0,rifle,2000
1068577,11,2899,Breach,164,Vandal,heavy,4450,1000,5400,68810,363.0,rifle,6350
1068577,11,1652,Sova,120,Vandal,heavy,2450,4050,4750,68810,363.0,rifle,4350
1068577,11,1505,Raze,80,Vandal,heavy,1800,4100,4400,68810,363.0,rifle,3700
1068577,11,11646,Jett,380,Vandal,light,50,3850,4000,68810,1265.0,rifle,1950
1068577,11,1371,Omen,0,Vandal,light,300,3450,4100,68810,1265.0,rifle,2200
1068577,11,11474,Fade,0,Vandal,light,350,3800,4000,68810,1265.0,rifle,2250
1068577,11,2829,Omen,35,Vandal,heavy,3700,1650,4600,68810,363.0,rifle,5600
1068577,11,1685,Chamber,745,Operator,heavy,6900,200,6000,68810,363.0,sniper,8800
1068578,12,585,Killjoy,92,Operator,heavy,100,1200,6100,68810,1265.0,sniper,2000
1068578,12,1248,Skye,207,Phantom,heavy,400,3400,4850,68810,1265.0,rifle,2300
1068578,12,2899,Breach,65,Vandal,heavy,2200,4350,4600,68810,363.0,rifle,4600
1068578,12,1652,Sova,349,Phantom,heavy,800,6450,4600,68810,363.0,rifle,3200
1068578,12,1505,Raze,300,Vandal,heavy,2500,4100,4600,68810,363.0,rifle,4900
1068578,12,11646,Jett,229,Vandal,light,50,3500,3800,68810,1265.0,rifle,1950
1068578,12,1371,Omen,310,Vandal,light,200,3400,4100,68810,1265.0,rifle,2100
1068578,12,11474,Fade,510,Vandal,heavy,1950,4600,4600,68810,1265.0,rifle,3850
1068578,12,2829,Omen,0,Vandal,heavy,1450,4150,4700,68810,363.0,rifle,3850
1068578,12,1685,Chamber,0,Spectre,heavy,0,3200,3300,68810,363.0,smg,2400
1068579,13,585,Killjoy,412,Classic,light,0,800,400,68810,1265.0,sidearm,1900
1068579,13,1248,Skye,250,Frenzy,,100,700,950,68810,1265.0,sidearm,2000
1068579,13,2899,Breach,0,Classic,,100,700,700,68810,363.0,sidearm,2000
1068579,13,1652,Sova,75,Ghost,,0,800,800,68810,363.0,sidearm,1900
1068579,13,1505,Raze,904,Ghost,,0,800,800,68810,363.0,sidearm,1900
1068579,13,11646,Jett,46,Ghost,,100,700,700,68810,1265.0,sidearm,2000
1068579,13,1371,Omen,128,Classic,,350,450,600,68810,1265.0,sidearm,2250
1068579,13,11474,Fade,0,Ghost,,50,750,750,68810,1265.0,sidearm,1950
1068579,13,2829,Omen,294,Classic,,150,650,800,68810,363.0,sidearm,2050
1068579,13,1685,Chamber,0,Ghost,,100,700,500,68810,363.0,sidearm,2000
1068580,14,585,Killjoy,280,Sheriff,,1500,800,800,68810,1265.0,sidearm,3900
1068580,14,1248,Skye,0,Sheriff,,1400,800,1300,68810,1265.0,sidearm,3800
1068580,14,2899,Breach,26,Spectre,heavy,300,3100,3300,68810,363.0,smg,2200
1068580,14,1652,Sova,0,Spectre,heavy,150,3150,3300,68810,363.0,smg,2050
1068580,14,1505,Raze,509,Spectre,heavy,800,3300,3800,68810,363.0,smg,2700
1068580,14,11646,Jett,80,Shorty,,1850,150,150,68810,1265.0,sidearm,4250
1068580,14,1371,Omen,300,Sheriff,,1150,1100,1250,68810,1265.0,sidearm,3550
1068580,14,11474,Fade,0,Sheriff,,1150,800,800,68810,1265.0,sidearm,3550
1068580,14,2829,Omen,316,Bulldog,heavy,150,3500,3850,68810,363.0,rifle,2050
1068580,14,1685,Chamber,298,Ghost,heavy,2200,1200,1500,68810,363.0,sidearm,4100
1068581,15,585,Killjoy,0,Vandal,light,200,3900,3300,68810,1265.0,rifle,3100
1068581,15,1248,Skye,1018,Phantom,light,50,3750,4250,68810,1265.0,rifle,2950
1068581,15,2899,Breach,0,Vandal,heavy,0,3600,4600,68810,363.0,rifle,1900
1068581,15,1652,Sova,269,Spectre,heavy,1750,1700,4100,68810,363.0,smg,3650
1068581,15,1505,Raze,544,Spectre,heavy,3200,1300,3300,68810,363.0,smg,5100
1068581,15,11646,Jett,161,Vandal,heavy,0,4250,4250,68810,1265.0,rifle,2900
1068581,15,1371,Omen,50,Vandal,light,100,3650,4000,68810,1265.0,rifle,3000
1068581,15,11474,Fade,140,Bulldog,light,400,3150,3150,68810,1265.0,rifle,3300
1068581,15,2829,Omen,0,Bulldog,heavy,3600,250,4650,68810,363.0,rifle,5500
1068581,15,1685,Chamber,484,Vandal,heavy,1600,4100,3900,68810,363.0,rifle,3500
1068582,16,585,Killjoy,0,Sheriff,,2300,800,800,68810,1265.0,sidearm,4200
1068582,16,1248,Skye,0,Sheriff,light,2350,1200,2150,68810,1265.0,sidearm,4250
1068582,16,2899,Breach,274,Vandal,heavy,1750,4150,4600,68810,363.0,rifle,3650
1068582,16,1652,Sova,0,Vandal,heavy,750,4200,4600,68810,363.0,rifle,2650
1068582,16,1505,Raze,0,Vandal,heavy,2300,4300,4600,68810,363.0,rifle,4200
1068582,16,11646,Jett,785,Sheriff,,2300,800,1150,68810,1265.0,sidearm,4200
1068582,16,1371,Omen,260,Marshal,,1650,1350,1600,68810,1265.0,sniper,3550
1068582,16,11474,Fade,355,Sheriff,light,2100,1200,1650,68810,1265.0,sidearm,4000
1068582,16,2829,Omen,0,Vandal,heavy,2250,4350,4700,68810,363.0,rifle,4150
1068582,16,1685,Chamber,0,Vandal,heavy,900,1200,3900,68810,363.0,rifle,2800
1068583,17,585,Killjoy,0,Vandal,heavy,3700,1600,5100,68810,1265.0,rifle,5600
1068583,17,1248,Skye,80,Vandal,heavy,4100,1250,5650,68810,1265.0,rifle,6000
1068583,17,2899,Breach,0,Sheriff,light,2150,1700,1900,68810,363.0,sidearm,4550
1068583,17,1652,Sova,0,Sheriff,,1850,800,800,68810,363.0,sidearm,4250
1068583,17,1505,Raze,0,Classic,,1300,0,0,68810,363.0,sidearm,3700
1068583,17,11646,Jett,742,Vandal,heavy,4350,1550,5400,68810,1265.0,rifle,6250
1068583,17,1371,Omen,0,Vandal,heavy,3700,1150,4700,68810,1265.0,rifle,5600
1068583,17,11474,Fade,475,Vandal,heavy,900,4400,4600,68810,1265.0,rifle,2800
1068583,17,2829,Omen,630,Sheriff,light,2600,1550,2000,68810,363.0,sidearm,5000
1068583,17,1685,Chamber,71,Vandal,heavy,1600,4100,3900,68810,363.0,rifle,4000
1068584,18,585,Killjoy,81,Vandal,heavy,6500,200,4900,68810,1265.0,rifle,8400
1068584,18,1248,Skye,235,Phantom,heavy,2950,4150,4850,68810,1265.0,rifle,4850
1068584,18,2899,Breach,147,Vandal,heavy,150,4400,4600,68810,363.0,rifle,3050
1068584,18,1652,Sova,0,Vandal,light,250,4000,4000,68810,363.0,rifle,3150
1068584,18,1505,Raze,368,Vandal,heavy,2000,4600,4400,68810,363.0,rifle,4900
1068584,18,11646,Jett,462,Operator,heavy,2250,5700,7200,68810,1265.0,sniper,4150
1068584,18,1371,Omen,489,Vandal,heavy,5250,1450,4700,68810,1265.0,rifle,7150
1068584,18,11474,Fade,80,Vandal,heavy,3600,700,4600,68810,1265.0,rifle,5500
1068584,18,2829,Omen,339,Vandal,heavy,1300,4100,4700,68810,363.0,rifle,4200
1068584,18,1685,Chamber,0,Classic,light,500,600,400,68810,363.0,sidearm,3400
1068585,19,585,Killjoy,215,Vandal,heavy,7400,1600,4700,68810,1265.0,rifle,9000
1068585,19,1248,Skye,0,Phantom,heavy,5200,950,5300,68810,1265.0,rifle,7100
1068585,19,2899,Breach,55,Sheriff,light,1450,1900,1900,68810,363.0,sidearm,4350
1068585,19,1652,Sova,220,Sheriff,light,2250,1200,1900,68810,363.0,sidearm,5150
1068585,19,1505,Raze,120,Vandal,light,1700,3700,3800,68810,363.0,rifle,4600
1068585,19,11646,Jett,460,Operator,heavy,4500,1150,6400,68810,1265.0,sniper,6400
1068585,19,1371,Omen,600,Vandal,heavy,4200,4450,4600,68810,1265.0,rifle,6100
1068585,19,11474,Fade,0,Vandal,heavy,2450,4150,4600,68810,1265.0,rifle,4350
1068585,19,2829,Omen,0,Sheriff,light,2850,1850,2000,68810,363.0,sidearm,5750
1068585,19,1685,Chamber,0,Vandal,light,200,3500,3300,68810,363.0,rifle,3100
1068586,20,585,Killjoy,630,Vandal,heavy,5500,600,4700,68810,1265.0,rifle,7400
1068586,20,1248,Skye,0,Phantom,heavy,7700,500,5300,68810,1265.0,rifle,9000
1068586,20,2899,Breach,0,Vandal,light,350,4000,4000,68810,363.0,rifle,3250
1068586,20,1652,Sova,120,Vandal,heavy,750,4600,4600,68810,363.0,rifle,3650
1068586,20,1505,Raze,180,Vandal,heavy,0,4600,4600,68810,363.0,rifle,2900
1068586,20,11646,Jett,525,Operator,heavy,6750,1150,6400,68810,1265.0,sniper,8650
1068586,20,1371,Omen,220,Vandal,heavy,6050,1550,5400,68810,1265.0,rifle,7950
1068586,20,11474,Fade,0,Vandal,heavy,3750,4600,4600,68810,1265.0,rifle,5650
1068586,20,2829,Omen,0,Vandal,heavy,1700,4050,4700,68810,363.0,rifle,4600
1068586,20,1685,Chamber,0,Spectre,heavy,300,2800,2600,68810,363.0,smg,3200
1068587,21,585,Killjoy,504,Vandal,heavy,4400,4500,4100,68810,1265.0,rifle,6300
1068587,21,1248,Skye,0,Phantom,heavy,8500,500,5300,68810,1265.0,rifle,9000
1068587,21,2899,Breach,0,Bulldog,light,300,2950,3150,68810,363.0,rifle,3200
1068587,21,1652,Sova,0,Phantom,light,200,3450,4000,68810,363.0,rifle,3100
1068587,21,1505,Raze,0,Spectre,heavy,200,2900,3300,68810,363.0,smg,3100
1068587,21,11646,Jett,845,Operator,heavy,8850,150,6550,68810,1265.0,sniper,9000
1068587,21,1371,Omen,0,Vandal,heavy,8750,250,5500,68810,1265.0,rifle,9000
1068587,21,11474,Fade,0,Vandal,heavy,6250,500,4600,68810,1265.0,rifle,8150
1068587,21,2829,Omen,0,Vandal,heavy,550,4050,4700,68810,363.0,rifle,3450
1068587,21,1685,Chamber,0,Vandal,,100,3100,2900,68810,363.0,rifle,3000
1068588,22,585,Killjoy,40,Vandal,heavy,7400,400,3900,68810,1265.0,rifle,9000
1068588,22,1248,Skye,117,Phantom,heavy,8750,250,5300,68810,1265.0,rifle,9000
1068588,22,2899,Breach,575,Bulldog,light,250,2950,3150,68810,363.0,rifle,2150
1068588,22,1652,Sova,260,Bulldog,heavy,50,3050,3750,68810,363.0,rifle,1950
1068588,22,1505,Raze,0,Spectre,heavy,200,2900,3300,68810,363.0,smg,2100
1068588,22,11646,Jett,0,Operator,heavy,9000,0,6550,68810,1265.0,sniper,9000
1068588,22,1371,Omen,300,Vandal,heavy,9000,0,5400,68810,1265.0,rifle,9000
1068588,22,11474,Fade,0,Vandal,heavy,8300,700,4600,68810,1265.0,rifle,9000
1068588,22,2829,Omen,350,Vandal,light,150,3300,4100,68810,363.0,rifle,2050
1068588,22,1685,Chamber,240,Spectre,heavy,0,3000,2800,68810,363.0,smg,1900
1068589,23,585,Killjoy,0,Vandal,heavy,4500,4500,3900,68810,1265.0,rifle,6900
1068589,23,1248,Skye,0,Vandal,heavy,4650,4350,5300,68810,1265.0,rifle,7050
1068589,23,2899,Breach,305,Vandal,heavy,2500,1450,4600,68810,363.0,rifle,4400
1068589,23,1652,Sova,492,Vandal,heavy,650,0,4600,68810,363.0,rifle,2550
1068589,23,1505,Raze,40,Vandal,heavy,1800,4600,4600,68810,363.0,rifle,3700
1068589,23,11646,Jett,0,Operator,heavy,2850,6150,6400,68810,1265.0,sniper,5250
1068589,23,1371,Omen,80,Vandal,heavy,4750,4250,4700,68810,1265.0,rifle,7150
1068589,23,11474,Fade,930,Vandal,heavy,4600,4400,4600,68810,1265.0,rifle,7000
1068589,23,2829,Omen,223,Vandal,heavy,2100,1550,4700,68810,363.0,rifle,4000
1068589,23,1685,Chamber,334,Phantom,heavy,3300,200,4100,68810,363.0,rifle,5200
1068590,24,585,Killjoy,280,Vandal,heavy,2400,4500,4300,68810,1265.0,rifle,4300
1068590,24,1248,Skye,522,Phantom,heavy,2200,4850,5300,68810,1265.0,rifle,4100
1068590,24,2899,Breach,0,Operator,heavy,600,5400,6400,68810,363.0,sniper,2500
1068590,24,1652,Sova,372,Vandal,heavy,2650,1700,4600,68810,363.0,rifle,4550
1068590,24,1505,Raze,114,Vandal,heavy,500,4600,4600,68810,363.0,rifle,2400
1068590,24,11646,Jett,0,Operator,heavy,700,6350,6550,68810,1265.0,sniper,2600
1068590,24,1371,Omen,385,Vandal,heavy,1000,4350,4700,68810,1265.0,rifle,2900
1068590,24,11474,Fade,185,Vandal,heavy,3450,4150,4600,68810,1265.0,rifle,5350
1068590,24,2829,Omen,0,Vandal,heavy,800,4800,5150,68810,363.0,rifle,2700
1068590,24,1685,Chamber,0,Operator,heavy,150,6650,6650,68810,363.0,sniper,2050
1068715,1,585,KAY/O,30,Classic,,200,600,450,68811,1265.0,sidearm,2100
1068715,1,1248,Neon,250,Frenzy,,150,650,650,68811,1265.0,sidearm,2050
1068715,1,2899,Breach,176,Classic,,100,1200,700,68811,363.0,sidearm,2000
1068715,1,1652,Sage,200,Classic,,0,800,800,68811,363.0,sidearm,1900
1068715,1,1505,Raze,188,Frenzy,,50,300,750,68811,363.0,sidearm,1950
1068715,1,11646,Chamber,259,Ghost,,0,800,600,68811,1265.0,sidearm,1900
1068715,1,1371,Brimstone,230,Classic,,350,450,550,68811,1265.0,sidearm,2250
1068715,1,11474,Breach,23,Ghost,,50,750,750,68811,1265.0,sidearm,1950
1068715,1,2829,Brimstone,25,Ghost,,100,200,800,68811,363.0,sidearm,2000
1068715,1,1685,Chamber,535,Ghost,,100,1150,500,68811,363.0,sidearm,2000
1068716,2,585,KAY/O,0,Sheriff,,1300,800,1250,68811,1265.0,sidearm,3700
1068716,2,1248,Neon,0,Classic,,2250,0,0,68811,1265.0,sidearm,4650
1068716,2,2899,Breach,44,Spectre,heavy,300,3300,3300,68811,363.0,smg,2200
1068716,2,1652,Sage,406,Spectre,heavy,100,3400,3400,68811,363.0,smg,2000
1068716,2,1505,Raze,163,Spectre,heavy,250,3300,3750,68811,363.0,smg,2150
1068716,2,11646,Chamber,630,Classic,,1500,600,700,68811,1265.0,sidearm,3900
1068716,2,1371,Brimstone,0,Sheriff,,1200,1250,1350,68811,1265.0,sidearm,3600
1068716,2,11474,Breach,0,Sheriff,,1150,800,800,68811,1265.0,sidearm,3550
1068716,2,2829,Brimstone,261,Spectre,heavy,150,3250,3350,68811,363.0,smg,2050
1068716,2,1685,Chamber,248,Ghost,heavy,2600,1200,1500,68811,363.0,sidearm,4500
1068717,3,585,KAY/O,234,Vandal,light,150,3550,3800,68811,1265.0,rifle,2050
1068717,3,1248,Neon,0,Vandal,heavy,50,4600,4600,68811,1265.0,rifle,1950
1068717,3,2899,Breach,0,Spectre,heavy,3150,450,3300,68811,363.0,smg,5050
1068717,3,1652,Sage,26,Spectre,heavy,3000,800,4200,68811,363.0,smg,4900
1068717,3,1505,Raze,340,Spectre,heavy,3050,700,3300,68811,363.0,smg,4950
1068717,3,11646,Chamber,0,Vandal,heavy,0,4300,4200,68811,1265.0,rifle,1900
1068717,3,1371,Brimstone,510,Vandal,light,100,3500,4050,68811,1265.0,rifle,2000
1068717,3,11474,Breach,622,Bulldog,light,400,3150,3150,68811,1265.0,rifle,2300
1068717,3,2829,Brimstone,51,Sheriff,light,2850,800,1950,68811,363.0,sidearm,4750
1068717,3,1685,Chamber,233,Phantom,heavy,2000,4100,3900,68811,363.0,rifle,3900
1068718,4,585,KAY/O,340,Vandal,heavy,1650,1700,4600,68811,1265.0,rifle,3550
1068718,4,1248,Neon,0,Vandal,heavy,2650,400,4600,68811,1265.0,rifle,4550
1068718,4,2899,Breach,0,Vandal,heavy,1000,4350,4600,68811,363.0,rifle,2900
1068718,4,1652,Sage,50,Vandal,heavy,1100,4100,4700,68811,363.0,rifle,3000
1068718,4,1505,Raze,220,Phantom,heavy,850,4600,4600,68811,363.0,rifle,2750
1068718,4,11646,Chamber,274,Vandal,heavy,1300,4600,4700,68811,1265.0,rifle,3200
1068718,4,1371,Brimstone,120,Vandal,light,250,350,3950,68811,1265.0,rifle,2150
1068718,4,11474,Breach,0,Vandal,light,0,3800,4000,68811,1265.0,rifle,1900
1068718,4,2829,Brimstone,1140,Vandal,heavy,500,4550,4650,68811,363.0,rifle,2400
1068718,4,1685,Chamber,40,Vandal,heavy,300,4100,3900,68811,363.0,rifle,2200
1068719,5,585,KAY/O,300,Sheriff,,2150,800,800,68811,1265.0,sidearm,4550
1068719,5,1248,Neon,0,Vandal,light,1250,3300,3800,68811,1265.0,rifle,3650
1068719,5,2899,Breach,46,Vandal,heavy,2600,4600,4600,68811,363.0,rifle,4500
1068719,5,1652,Sage,190,Vandal,heavy,700,800,4700,68811,363.0,rifle,2600
1068719,5,1505,Raze,413,Vandal,heavy,2850,1500,4600,68811,363.0,rifle,4750
1068719,5,11646,Chamber,0,Classic,light,2800,600,1200,68811,1265.0,sidearm,5200
1068719,5,1371,Brimstone,0,Sheriff,,1150,1000,1550,68811,1265.0,sidearm,3550
1068719,5,11474,Breach,298,Sheriff,,1900,800,800,68811,1265.0,sidearm,4300
1068719,5,2829,Brimstone,210,Vandal,heavy,250,1450,4650,68811,363.0,rifle,2150
1068719,5,1685,Chamber,315,Vandal,heavy,2400,4100,3900,68811,363.0,rifle,4300
1068720,6,585,KAY/O,535,Phantom,heavy,150,4600,4600,68811,1265.0,rifle,2050
1068720,6,1248,Neon,0,Vandal,light,150,3500,4000,68811,1265.0,rifle,2050
1068720,6,2899,Breach,0,Vandal,heavy,4200,1700,5400,68811,363.0,rifle,6100
1068720,6,1652,Sage,80,Vandal,heavy,2400,1800,5500,68811,363.0,rifle,4300
1068720,6,1505,Raze,0,Vandal,heavy,4850,1700,4600,68811,363.0,rifle,6750
1068720,6,11646,Chamber,240,Operator,light,100,5100,5900,68811,1265.0,sniper,2000
1068720,6,1371,Brimstone,649,Vandal,light,250,3300,4050,68811,1265.0,rifle,2150
1068720,6,11474,Breach,25,Vandal,light,300,4000,4000,68811,1265.0,rifle,2200
1068720,6,2829,Brimstone,194,Vandal,heavy,3350,400,4650,68811,363.0,rifle,5250
1068720,6,1685,Chamber,0,Operator,heavy,0,5900,5700,68811,363.0,sniper,1900
1068721,7,585,KAY/O,210,Phantom,heavy,2850,700,4600,68811,1265.0,rifle,4750
1068721,7,1248,Neon,0,Vandal,light,2750,400,4000,68811,1265.0,rifle,4650
1068721,7,2899,Breach,437,Vandal,heavy,1500,4600,4600,68811,363.0,rifle,3400
1068721,7,1652,Sage,25,Vandal,light,200,4100,4100,68811,363.0,rifle,2100
1068721,7,1505,Raze,386,Vandal,heavy,2150,4600,4600,68811,363.0,rifle,4050
1068721,7,11646,Chamber,630,Operator,light,200,200,5900,68811,1265.0,sniper,2100
1068721,7,1371,Brimstone,40,Vandal,heavy,2200,4350,4650,68811,1265.0,rifle,4100
1068721,7,11474,Breach,40,Vandal,heavy,1600,1700,4600,68811,1265.0,rifle,3500
1068721,7,2829,Brimstone,280,Vandal,heavy,900,4550,4650,68811,363.0,rifle,2800
1068721,7,1685,Chamber,0,Classic,heavy,700,1200,1000,68811,363.0,sidearm,2600
1068722,8,585,KAY/O,328,Sheriff,light,3300,1650,1900,68811,1265.0,sidearm,5700
1068722,8,1248,Neon,110,Sheriff,heavy,2150,2500,2500,68811,1265.0,sidearm,4550
1068722,8,2899,Breach,25,Vandal,heavy,600,4600,4600,68811,363.0,rifle,2500
1068722,8,1652,Sage,25,Vandal,heavy,1700,1800,4700,68811,363.0,rifle,3600
1068722,8,1505,Raze,235,Vandal,heavy,1050,4600,4600,68811,363.0,rifle,2950
1068722,8,11646,Chamber,450,Operator,light,1400,200,5900,68811,1265.0,sniper,3800
1068722,8,1371,Brimstone,0,Marshal,,2500,1600,1700,68811,1265.0,sniper,4900
1068722,8,11474,Breach,25,Sheriff,light,1800,1700,1700,68811,1265.0,sidearm,4200
1068722,8,2829,Brimstone,255,Vandal,heavy,2750,1650,4650,68811,363.0,rifle,4650
1068722,8,1685,Chamber,785,Vandal,heavy,3800,200,3900,68811,363.0,rifle,5700
1068723,9,585,KAY/O,140,Phantom,heavy,0,4100,4100,68811,1265.0,rifle,2900
1068723,9,1248,Neon,40,Vandal,heavy,150,4400,4400,68811,1265.0,rifle,3050
1068723,9,2899,Breach,117,Vandal,heavy,2200,4600,4600,68811,363.0,rifle,4100
1068723,9,1652,Sage,205,Vandal,heavy,300,4700,4700,68811,363.0,rifle,2200
1068723,9,1505,Raze,17,Vandal,heavy,2850,4600,4600,68811,363.0,rifle,4750
1068723,9,11646,Chamber,685,Operator,heavy,100,5900,6500,68811,1265.0,sniper,3000
1068723,9,1371,Brimstone,40,Vandal,heavy,900,4000,4650,68811,1265.0,rifle,3800
1068723,9,11474,Breach,0,Vandal,light,200,4000,4000,68811,1265.0,rifle,3100
1068723,9,2829,Brimstone,163,Vandal,heavy,5850,400,4650,68811,363.0,rifle,7750
1068723,9,1685,Chamber,895,Vandal,heavy,1700,200,3900,68811,363.0,rifle,3600
1068724,10,585,KAY/O,1455,Sheriff,,2100,800,1000,68811,1265.0,sidearm,4000
1068724,10,1248,Neon,44,Shorty,heavy,1500,1550,1850,68811,1265.0,sidearm,3400
1068724,10,2899,Breach,260,Vandal,heavy,2300,500,4600,68811,363.0,rifle,4200
1068724,10,1652,Sage,0,Vandal,heavy,2000,4700,4700,68811,363.0,rifle,3900
1068724,10,1505,Raze,275,Vandal,heavy,4650,4400,4600,68811,363.0,rifle,6550
1068724,10,11646,Chamber,0,Classic,heavy,2000,1400,1700,68811,1265.0,sidearm,3900
1068724,10,1371,Brimstone,0,Marshal,light,2250,1550,2100,68811,1265.0,sniper,4150
1068724,10,11474,Breach,0,Sheriff,light,1900,1200,1650,68811,1265.0,sidearm,3800
1068724,10,2829,Brimstone,25,Vandal,heavy,4700,1400,4650,68811,363.0,rifle,6600
1068724,10,1685,Chamber,295,Vandal,heavy,4400,1200,3900,68811,363.0,rifle,6300
1068725,11,585,KAY/O,46,Vandal,heavy,4400,1700,5400,68811,1265.0,rifle,6300
1068725,11,1248,Neon,859,Vandal,heavy,3500,1000,4600,68811,1265.0,rifle,5400
1068725,11,2899,Breach,0,Vandal,heavy,550,4150,4600,68811,363.0,rifle,2950
1068725,11,1652,Sage,137,Phantom,heavy,2600,4500,4700,68811,363.0,rifle,5000
1068725,11,1505,Raze,300,Vandal,heavy,2950,4100,4600,68811,363.0,rifle,5350
1068725,11,11646,Chamber,543,Operator,heavy,0,5000,6500,68811,1265.0,sniper,1900
1068725,11,1371,Brimstone,0,Vandal,heavy,1350,3900,4650,68811,1265.0,rifle,3250
1068725,11,11474,Breach,0,Vandal,heavy,300,4600,4600,68811,1265.0,rifle,2200
1068725,11,2829,Brimstone,142,Vandal,heavy,2900,4000,4650,68811,363.0,rifle,5300
1068725,11,1685,Chamber,0,Classic,heavy,1900,2000,1800,68811,363.0,sidearm,4300
1068726,12,585,KAY/O,402,Vandal,heavy,3300,4100,4600,68811,1265.0,rifle,5200
1068726,12,1248,Neon,40,Vandal,heavy,3350,3750,5050,68811,1265.0,rifle,5250
1068726,12,2899,Breach,0,Spectre,heavy,100,2850,3300,68811,363.0,smg,2000
1068726,12,1652,Sage,0,Phantom,heavy,350,4850,4850,68811,363.0,rifle,2250
1068726,12,1505,Raze,838,Vandal,light,50,3700,3700,68811,363.0,rifle,1950
1068726,12,11646,Chamber,300,Operator,heavy,1600,1800,6500,68811,1265.0,sniper,3500
1068726,12,1371,Brimstone,388,Vandal,heavy,4250,100,4650,68811,1265.0,rifle,6150
1068726,12,11474,Breach,0,Vandal,heavy,2800,500,4600,68811,1265.0,rifle,4700
1068726,12,2829,Brimstone,80,Vandal,heavy,1000,4300,4650,68811,363.0,rifle,2900
1068726,12,1685,Chamber,280,Operator,heavy,200,5900,6500,68811,363.0,sniper,2100
1068727,13,585,KAY/O,55,Ghost,,50,750,750,68811,1265.0,sidearm,1950
1068727,13,1248,Neon,250,Frenzy,,150,650,650,68811,1265.0,sidearm,2050
1068727,13,2899,Breach,620,Classic,,100,700,700,68811,363.0,sidearm,2000
1068727,13,1652,Sage,230,Classic,,0,800,800,68811,363.0,sidearm,1900
1068727,13,1505,Raze,0,Frenzy,,50,300,750,68811,363.0,sidearm,1950
1068727,13,11646,Chamber,494,Ghost,,100,700,500,68811,1265.0,sidearm,2000
1068727,13,1371,Brimstone,26,Classic,,350,450,550,68811,1265.0,sidearm,2250
1068727,13,11474,Breach,160,Classic,,100,700,700,68811,1265.0,sidearm,2000
1068727,13,2829,Brimstone,210,Frenzy,,0,800,900,68811,363.0,sidearm,1900
1068727,13,1685,Chamber,114,Ghost,,100,1150,500,68811,363.0,sidearm,2000
1068728,14,585,KAY/O,0,Sheriff,,1450,800,800,68811,1265.0,sidearm,3850
1068728,14,1248,Neon,0,Sheriff,,1750,800,800,68811,1265.0,sidearm,4150
1068728,14,2899,Breach,398,Bulldog,heavy,150,3550,4050,68811,363.0,rifle,2050
1068728,14,1652,Sage,266,Spectre,heavy,0,3200,3400,68811,363.0,smg,1900
1068728,14,1505,Raze,250,Spectre,heavy,50,3000,3300,68811,363.0,smg,1950
1068728,14,11646,Chamber,410,Classic,,1900,800,800,68811,1265.0,sidearm,4300
1068728,14,1371,Brimstone,0,Sheriff,,1550,1000,1350,68811,1265.0,sidearm,3950
1068728,14,11474,Breach,0,Sheriff,,1700,800,800,68811,1265.0,sidearm,4100
1068728,14,2829,Brimstone,133,Spectre,heavy,150,3050,3150,68811,363.0,smg,2050
1068728,14,1685,Chamber,52,Judge,heavy,50,3050,2850,68811,363.0,shotgun,1950
1068729,15,585,KAY/O,260,Vandal,light,50,3800,3800,68811,1265.0,rifle,1950
1068729,15,1248,Neon,300,Vandal,light,150,4000,4000,68811,1265.0,rifle,2050
1068729,15,2899,Breach,0,Ghost,heavy,3100,450,2200,68811,363.0,sidearm,5000
1068729,15,1652,Sage,70,Spectre,heavy,1400,1800,4200,68811,363.0,smg,3300
1068729,15,1505,Raze,0,Bulldog,heavy,1750,1500,3750,68811,363.0,rifle,3650
1068729,15,11646,Chamber,280,Vandal,heavy,0,4500,4500,68811,1265.0,rifle,1900
1068729,15,1371,Brimstone,280,Vandal,heavy,50,3900,4450,68811,1265.0,rifle,1950
1068729,15,11474,Breach,205,Vandal,light,100,4000,4000,68811,1265.0,rifle,2000
1068729,15,2829,Brimstone,535,Spectre,heavy,2950,400,3350,68811,363.0,smg,4850
1068729,15,1685,Chamber,0,Judge,heavy,2850,200,3650,68811,363.0,shotgun,4750
1068730,16,585,KAY/O,25,Vandal,light,2550,700,4500,68811,1265.0,rifle,4450
1068730,16,1248,Neon,280,Vandal,heavy,1950,4300,4600,68811,1265.0,rifle,3850
1068730,16,2899,Breach,80,Vandal,heavy,600,4400,4600,68811,363.0,rifle,3000
1068730,16,1652,Sage,240,Phantom,light,0,3300,3700,68811,363.0,rifle,2400
1068730,16,1505,Raze,0,Judge,heavy,400,3250,3550,68811,363.0,shotgun,2800
1068730,16,11646,Chamber,215,Classic,heavy,1800,1400,1800,68811,1265.0,sidearm,3700
1068730,16,1371,Brimstone,569,Vandal,heavy,150,200,4450,68811,1265.0,rifle,2050
1068730,16,11474,Breach,260,Vandal,heavy,1600,1700,4600,68811,1265.0,rifle,3500
1068730,16,2829,Brimstone,60,Vandal,heavy,900,4350,4650,68811,363.0,rifle,3300
1068730,16,1685,Chamber,166,Vandal,heavy,650,4100,3900,68811,363.0,rifle,3050
1068731,17,585,KAY/O,275,Vandal,heavy,4150,1700,5100,68811,1265.0,rifle,6050
1068731,17,1248,Neon,255,Vandal,heavy,3300,2150,5050,68811,1265.0,rifle,5200
1068731,17,2899,Breach,0,Sheriff,light,1600,1400,1900,68811,363.0,sidearm,4500
1068731,17,1652,Sage,110,Sheriff,,1400,1200,1200,68811,363.0,sidearm,4300
1068731,17,1505,Raze,0,Sheriff,light,1600,1200,1900,68811,363.0,sidearm,4500
1068731,17,11646,Chamber,478,Vandal,heavy,5100,200,4700,68811,1265.0,rifle,7000
1068731,17,1371,Brimstone,190,Vandal,heavy,2200,1650,4650,68811,1265.0,rifle,4100
1068731,17,11474,Breach,0,Vandal,heavy,500,4600,4600,68811,1265.0,rifle,2400
1068731,17,2829,Brimstone,0,Sheriff,light,1900,1400,1950,68811,363.0,sidearm,4800
1068731,17,1685,Chamber,300,Classic,light,2150,900,900,68811,363.0,sidearm,5050
1068732,18,585,KAY/O,25,Vandal,heavy,7450,200,5100,68811,1265.0,rifle,9000
1068732,18,1248,Neon,899,Vandal,heavy,2700,4100,4600,68811,1265.0,rifle,4600
1068732,18,2899,Breach,55,Vandal,heavy,350,4150,4600,68811,363.0,rifle,3250
1068732,18,1652,Sage,40,Vandal,light,200,4100,4100,68811,363.0,rifle,3100
1068732,18,1505,Raze,382,Vandal,heavy,600,3900,4400,68811,363.0,rifle,3500
1068732,18,11646,Chamber,179,Vandal,heavy,8600,200,5500,68811,1265.0,rifle,9000
1068732,18,1371,Brimstone,204,Vandal,heavy,4500,1200,5450,68811,1265.0,rifle,6400
1068732,18,11474,Breach,40,Vandal,heavy,3100,700,4600,68811,1265.0,rifle,5000
1068732,18,2829,Brimstone,195,Vandal,heavy,800,4000,4650,68811,363.0,rifle,3700
1068732,18,1685,Chamber,0,Operator,,350,4900,4900,68811,363.0,sniper,3250
1068733,19,585,KAY/O,522,Vandal,heavy,5100,3900,4600,68811,1265.0,rifle,7000
1068733,19,1248,Neon,40,Vandal,heavy,5450,1150,5050,68811,1265.0,rifle,7350
1068733,19,2899,Breach,114,Sheriff,light,1350,1900,1900,68811,363.0,sidearm,3250
1068733,19,1652,Sage,477,Sheriff,,1900,1200,1200,68811,363.0,sidearm,3800
1068733,19,1505,Raze,292,Spectre,light,1700,2000,2000,68811,363.0,smg,3600
1068733,19,11646,Chamber,458,Vandal,heavy,7800,1200,5500,68811,1265.0,rifle,9000
1068733,19,1371,Brimstone,0,Vandal,heavy,7350,650,5450,68811,1265.0,rifle,9000
1068733,19,11474,Breach,136,Vandal,heavy,1800,4600,4600,68811,1265.0,rifle,3700
1068733,19,2829,Brimstone,193,Sheriff,light,2300,1600,1700,68811,363.0,sidearm,4200
1068733,19,1685,Chamber,371,Classic,,3050,200,400,68811,363.0,sidearm,4950
1068734,20,585,KAY/O,0,Vandal,heavy,450,4350,4600,68811,1265.0,rifle,2850
1068734,20,1248,Neon,0,Vandal,heavy,3250,4400,4600,68811,1265.0,rifle,5650
1068734,20,2899,Breach,220,Vandal,heavy,2850,1500,4600,68811,363.0,rifle,4750
1068734,20,1652,Sage,25,Vandal,heavy,600,4700,4700,68811,363.0,rifle,2500
1068734,20,1505,Raze,0,Vandal,heavy,100,4600,4400,68811,363.0,rifle,2000
1068734,20,11646,Chamber,0,Operator,heavy,3100,5900,6500,68811,1265.0,sniper,5500
1068734,20,1371,Brimstone,220,Vandal,heavy,4700,4300,4650,68811,1265.0,rifle,7100
1068734,20,11474,Breach,120,Vandal,heavy,2300,4600,4600,68811,1265.0,rifle,4700
1068734,20,2829,Brimstone,168,Vandal,heavy,950,4550,4650,68811,363.0,rifle,2850
1068734,20,1685,Chamber,1086,Classic,heavy,5250,1200,1200,68811,363.0,sidearm,7150
1068735,21,585,KAY/O,359,Vandal,heavy,1650,4100,4600,68811,1265.0,rifle,4550
1068735,21,1248,Neon,0,Vandal,heavy,1050,4600,4600,68811,1265.0,rifle,3950
1068735,21,2899,Breach,160,Vandal,heavy,3150,0,4600,68811,363.0,rifle,5050
1068735,21,1652,Sage,695,Vandal,heavy,2800,800,4700,68811,363.0,rifle,4700
1068735,21,1505,Raze,234,Vandal,heavy,2900,200,4600,68811,363.0,rifle,4800
1068735,21,11646,Chamber,300,Vandal,heavy,1400,4100,4700,68811,1265.0,rifle,4300
1068735,21,1371,Brimstone,40,Vandal,heavy,300,4100,4650,68811,1265.0,rifle,3200
1068735,21,11474,Breach,105,Vandal,heavy,100,4600,4600,68811,1265.0,rifle,3000
1068735,21,2829,Brimstone,220,Vandal,heavy,2600,4250,4650,68811,363.0,rifle,4500
1068735,21,1685,Chamber,65,Operator,heavy,3100,5900,5700,68811,363.0,sniper,5000
1068935,1,585,Brimstone,0,Classic,light,200,600,700,68812,1265.0,sidearm,2100
1068935,1,1248,Fade,1044,Ghost,,100,700,700,68812,1265.0,sidearm,2000
1068935,1,2899,Breach,328,Classic,,100,700,700,68812,363.0,sidearm,2000
1068935,1,1652,Sova,0,Classic,,100,700,700,68812,363.0,sidearm,2000
1068935,1,1505,Raze,0,Ghost,,0,800,800,68812,363.0,sidearm,1900
1068935,1,11646,Jett,0,Ghost,,100,700,700,68812,1265.0,sidearm,2000
1068935,1,1371,Cypher,179,Classic,,200,600,200,68812,1265.0,sidearm,2100
1068935,1,11474,Breach,0,Ghost,,50,750,750,68812,1265.0,sidearm,1950
1068935,1,2829,Brimstone,78,Classic,light,0,800,900,68812,363.0,sidearm,1900
1068935,1,1685,Chamber,0,Ghost,,100,700,500,68812,363.0,sidearm,2000
1068936,2,585,Brimstone,367,Spectre,heavy,50,3150,3250,68812,1265.0,smg,1950
1068936,2,1248,Fade,215,Spectre,heavy,600,3300,3800,68812,1265.0,smg,2500
1068936,2,2899,Breach,274,Classic,,100,2100,500,68812,363.0,sidearm,2000
1068936,2,1652,Sova,726,Sheriff,light,100,1900,1900,68812,363.0,sidearm,2000
1068936,2,1505,Raze,379,Spectre,heavy,200,1700,3300,68812,363.0,smg,2100
1068936,2,11646,Jett,283,Spectre,heavy,0,3100,3800,68812,1265.0,smg,1900
1068936,2,1371,Cypher,100,Spectre,heavy,200,3200,3400,68812,1265.0,smg,2100
1068936,2,11474,Breach,25,Spectre,heavy,0,3050,3050,68812,1265.0,smg,1900
1068936,2,2829,Brimstone,88,Stinger,light,100,1800,2100,68812,363.0,smg,2000
1068936,2,1685,Chamber,0,Spectre,light,0,2000,2000,68812,363.0,smg,1900
1068937,3,585,Brimstone,300,Sheriff,,1350,800,900,68812,1265.0,sidearm,3750
1068937,3,1248,Fade,0,Sheriff,,1650,1050,1250,68812,1265.0,sidearm,4050
1068937,3,2899,Breach,144,Spectre,heavy,1900,1700,4100,68812,363.0,smg,3800
1068937,3,1652,Sova,39,Spectre,heavy,2300,1700,3300,68812,363.0,smg,4200
1068937,3,1505,Raze,284,Spectre,heavy,400,3300,3300,68812,363.0,smg,2300
1068937,3,11646,Jett,0,Sheriff,,1300,800,1500,68812,1265.0,sidearm,3700
1068937,3,1371,Cypher,0,Classic,,1500,600,600,68812,1265.0,sidearm,3900
1068937,3,11474,Breach,55,Sheriff,,1100,800,800,68812,1265.0,sidearm,3500
1068937,3,2829,Brimstone,261,Spectre,heavy,150,3250,3350,68812,363.0,smg,2050
1068937,3,1685,Chamber,418,Spectre,heavy,500,2800,2600,68812,363.0,smg,2400
1068938,4,585,Brimstone,570,Vandal,light,0,3950,4050,68812,1265.0,rifle,1900
1068938,4,1248,Fade,40,Vandal,light,50,4000,4000,68812,1265.0,rifle,1950
1068938,4,2899,Breach,100,Spectre,heavy,4700,700,4100,68812,363.0,smg,6600
1068938,4,1652,Sova,513,Spectre,heavy,4050,1550,3300,68812,363.0,smg,5950
1068938,4,1505,Raze,70,Spectre,heavy,2200,1700,4100,68812,363.0,smg,4100
1068938,4,11646,Jett,300,Vandal,light,200,3500,4000,68812,1265.0,rifle,2100
1068938,4,1371,Cypher,300,Vandal,heavy,0,3900,4200,68812,1265.0,rifle,1900
1068938,4,11474,Breach,165,Bulldog,light,350,3150,3150,68812,1265.0,rifle,2250
1068938,4,2829,Brimstone,0,Spectre,heavy,3250,400,4150,68812,363.0,smg,5150
1068938,4,1685,Chamber,275,Phantom,heavy,1100,3100,4700,68812,363.0,rifle,3000
1068939,5,585,Brimstone,340,Vandal,light,0,3400,3500,68812,1265.0,rifle,1900
1068939,5,1248,Fade,101,Bulldog,heavy,1800,3300,3750,68812,1265.0,rifle,3700
1068939,5,2899,Breach,280,Vandal,heavy,2000,4600,4600,68812,363.0,rifle,4400
1068939,5,1652,Sova,0,Phantom,heavy,1750,4600,4600,68812,363.0,rifle,4150
1068939,5,1505,Raze,275,Vandal,light,100,4000,4000,68812,363.0,rifle,2500
1068939,5,11646,Jett,969,Vandal,light,100,3300,4000,68812,1265.0,rifle,2000
1068939,5,1371,Cypher,0,Vandal,light,150,1000,3400,68812,1265.0,rifle,2050
1068939,5,11474,Breach,40,Vandal,heavy,1850,1700,4600,68812,1265.0,rifle,3750
1068939,5,2829,Brimstone,0,Vandal,heavy,1050,4100,4650,68812,363.0,rifle,3450
1068939,5,1685,Chamber,26,Spectre,heavy,400,2800,2600,68812,363.0,smg,2800
1068940,6,585,Brimstone,134,Vandal,heavy,1550,4550,4650,68812,1265.0,rifle,3450
1068940,6,1248,Fade,0,Vandal,heavy,200,4600,4600,68812,1265.0,rifle,2100
1068940,6,2899,Breach,25,Vandal,heavy,0,4600,4600,68812,363.0,rifle,1900
1068940,6,1652,Sova,900,Vandal,light,150,4000,4000,68812,363.0,rifle,2050
1068940,6,1505,Raze,0,Vandal,light,0,1100,4000,68812,363.0,rifle,1900
1068940,6,11646,Jett,315,Vandal,heavy,2900,1000,4600,68812,1265.0,rifle,4800
1068940,6,1371,Cypher,0,Vandal,heavy,1550,1600,4100,68812,1265.0,rifle,3450
1068940,6,11474,Breach,23,Vandal,heavy,1500,450,4600,68812,1265.0,rifle,3400
1068940,6,2829,Brimstone,25,Spectre,light,50,5000,2750,68812,363.0,smg,1950
1068940,6,1685,Chamber,550,Classic,heavy,1600,1200,1000,68812,363.0,sidearm,3500
1068941,7,585,Brimstone,243,Sheriff,,2300,1150,1250,68812,1265.0,sidearm,4700
1068941,7,1248,Fade,0,Sheriff,,1650,1250,1250,68812,1265.0,sidearm,4050
1068941,7,2899,Breach,0,Vandal,heavy,2050,1250,4600,68812,363.0,rifle,3950
1068941,7,1652,Sova,180,Vandal,heavy,2350,1700,4600,68812,363.0,rifle,4250
1068941,7,1505,Raze,875,Vandal,heavy,1800,4400,4600,68812,363.0,rifle,3700
1068941,7,11646,Jett,50,Classic,heavy,3200,1000,1700,68812,1265.0,sidearm,5600
1068941,7,1371,Cypher,641,Marshal,,1900,1550,1550,68812,1265.0,sniper,4300
1068941,7,11474,Breach,58,Sheriff,light,1700,1700,1700,68812,1265.0,sidearm,4100
1068941,7,2829,Brimstone,170,Vandal,heavy,1700,1650,4650,68812,363.0,rifle,3600
1068941,7,1685,Chamber,0,Vandal,heavy,2200,200,3900,68812,363.0,rifle,4100
1068942,8,585,Brimstone,86,Vandal,heavy,350,4550,4650,68812,1265.0,rifle,2250
1068942,8,1248,Fade,670,Vandal,light,50,4000,4000,68812,1265.0,rifle,1950
1068942,8,2899,Breach,0,Vandal,heavy,1000,4350,4600,68812,363.0,rifle,2900
1068942,8,1652,Sova,0,Vandal,heavy,4450,1400,4600,68812,363.0,rifle,6350
1068942,8,1505,Raze,40,Vandal,heavy,1100,4600,4600,68812,363.0,rifle,3000
1068942,8,11646,Jett,240,Operator,light,500,5100,5800,68812,1265.0,sniper,2400
1068942,8,1371,Cypher,404,Vandal,heavy,700,4000,4300,68812,1265.0,rifle,2600
1068942,8,11474,Breach,0,Vandal,light,350,3750,4000,68812,1265.0,rifle,2250
1068942,8,2829,Brimstone,267,Vandal,heavy,3550,1650,4650,68812,363.0,rifle,5450
1068942,8,1685,Chamber,280,Vandal,heavy,1400,4100,3900,68812,363.0,rifle,3300
1068943,9,585,Brimstone,255,Vandal,heavy,1700,4550,4650,68812,1265.0,rifle,3600
1068943,9,1248,Fade,0,Vandal,heavy,2450,3900,4600,68812,1265.0,rifle,4350
1068943,9,2899,Breach,176,Spectre,light,200,2700,2700,68812,363.0,smg,2100
1068943,9,1652,Sova,490,Bulldog,heavy,0,6350,3750,68812,363.0,rifle,1900
1068943,9,1505,Raze,0,Vandal,heavy,1700,4200,4600,68812,363.0,rifle,3600
1068943,9,11646,Jett,113,Operator,heavy,2300,1400,6250,68812,1265.0,sniper,4200
1068943,9,1371,Cypher,120,Vandal,heavy,600,600,4500,68812,1265.0,rifle,2500
1068943,9,11474,Breach,300,Vandal,light,50,400,3750,68812,1265.0,rifle,1950
1068943,9,2829,Brimstone,534,Vandal,heavy,1100,1650,4650,68812,363.0,rifle,3000
1068943,9,1685,Chamber,200,Vandal,light,0,3500,3300,68812,363.0,rifle,1900
1068944,10,585,Brimstone,0,Sheriff,,2800,1000,1350,68812,1265.0,sidearm,5200
1068944,10,1248,Fade,80,Sheriff,light,1650,1900,1900,68812,1265.0,sidearm,4050
1068944,10,2899,Breach,259,Vandal,heavy,2000,1700,4600,68812,363.0,rifle,3900
1068944,10,1652,Sova,292,Vandal,heavy,100,3600,4600,68812,363.0,rifle,2000
1068944,10,1505,Raze,190,Vandal,heavy,800,4200,4600,68812,363.0,rifle,2700
1068944,10,11646,Jett,400,Judge,,2350,2050,2200,68812,1265.0,shotgun,4750
1068944,10,1371,Cypher,55,Sheriff,,1100,1400,1400,68812,1265.0,sidearm,3500
1068944,10,11474,Breach,170,Sheriff,light,1500,1450,1450,68812,1265.0,sidearm,3900
1068944,10,2829,Brimstone,255,Vandal,heavy,250,4550,4650,68812,363.0,rifle,2150
1068944,10,1685,Chamber,175,Operator,heavy,2100,1200,5700,68812,363.0,sniper,4000
1068945,11,585,Brimstone,509,Vandal,heavy,650,4550,4650,68812,1265.0,rifle,3550
1068945,11,1248,Fade,380,Vandal,light,250,3800,4000,68812,1265.0,rifle,3150
1068945,11,2899,Breach,225,Vandal,heavy,1150,4350,4600,68812,363.0,rifle,3050
1068945,11,1652,Sova,40,Vandal,heavy,1900,1700,4600,68812,363.0,rifle,3800
1068945,11,1505,Raze,340,Vandal,heavy,2400,4600,4600,68812,363.0,rifle,4300
1068945,11,11646,Jett,0,Vandal,heavy,500,4450,4600,68812,1265.0,rifle,3400
1068945,11,1371,Cypher,0,Vandal,light,200,3300,3400,68812,1265.0,rifle,3100
1068945,11,11474,Breach,25,Vandal,light,100,4000,4000,68812,1265.0,rifle,3000
1068945,11,2829,Brimstone,220,Vandal,heavy,3500,450,5450,68812,363.0,rifle,5400
1068945,11,1685,Chamber,500,Operator,heavy,1500,1200,5700,68812,363.0,sniper,3400
1068946,12,585,Brimstone,0,Vandal,light,0,3950,4050,68812,1265.0,rifle,1900
1068946,12,1248,Fade,365,Phantom,light,50,3300,3300,68812,1265.0,rifle,1950
1068946,12,2899,Breach,0,Vandal,heavy,3950,700,4600,68812,363.0,rifle,5850
1068946,12,1652,Sova,275,Vandal,heavy,600,4600,4600,68812,363.0,rifle,2500
1068946,12,1505,Raze,0,Vandal,heavy,1300,4600,4400,68812,363.0,rifle,3200
1068946,12,11646,Jett,662,Frenzy,heavy,350,1450,2150,68812,1265.0,sidearm,2250
1068946,12,1371,Cypher,146,Bulldog,heavy,1050,3650,3450,68812,1265.0,rifle,2950
1068946,12,11474,Breach,175,Bulldog,light,100,2900,2900,68812,1265.0,rifle,2000
1068946,12,2829,Brimstone,0,Vandal,heavy,3450,3550,5450,68812,363.0,rifle,5350
1068946,12,1685,Chamber,565,Vandal,heavy,1100,4100,3900,68812,363.0,rifle,3000
1068947,13,585,Brimstone,184,Classic,light,200,600,700,68812,1265.0,sidearm,2100
1068947,13,1248,Fade,202,Ghost,,50,750,750,68812,1265.0,sidearm,1950
1068947,13,2899,Breach,210,Classic,,100,700,700,68812,363.0,sidearm,2000
1068947,13,1652,Sova,0,Ghost,,0,800,800,68812,363.0,sidearm,1900
1068947,13,1505,Raze,157,Ghost,,0,800,800,68812,363.0,sidearm,1900
1068947,13,11646,Jett,80,Ghost,,100,700,700,68812,1265.0,sidearm,2000
1068947,13,1371,Cypher,115,Classic,,200,600,200,68812,1265.0,sidearm,2100
1068947,13,11474,Breach,591,Ghost,,50,750,750,68812,1265.0,sidearm,1950
1068947,13,2829,Brimstone,347,Frenzy,,0,800,900,68812,363.0,sidearm,1900
1068947,13,1685,Chamber,55,Classic,,0,800,600,68812,363.0,sidearm,1900
1068948,14,585,Brimstone,92,Spectre,heavy,450,3250,3850,68812,1265.0,smg,2350
1068948,14,1248,Fade,0,Spectre,heavy,250,3300,3300,68812,1265.0,smg,2150
1068948,14,2899,Breach,104,Classic,,2200,0,0,68812,363.0,sidearm,4600
1068948,14,1652,Sova,152,Sheriff,,1100,800,800,68812,363.0,sidearm,3500
1068948,14,1505,Raze,300,Classic,,2100,0,0,68812,363.0,sidearm,4500
1068948,14,11646,Jett,236,Spectre,heavy,300,3100,3300,68812,1265.0,smg,2200
1068948,14,1371,Cypher,490,Spectre,heavy,300,3200,2800,68812,1265.0,smg,2200
1068948,14,11474,Breach,281,Spectre,heavy,650,3300,3800,68812,1265.0,smg,2550
1068948,14,2829,Brimstone,435,Classic,,2100,0,100,68812,363.0,sidearm,4500
1068948,14,1685,Chamber,0,Classic,,1700,200,500,68812,363.0,sidearm,4100
1068949,15,585,Brimstone,222,Vandal,heavy,400,3550,4650,68812,1265.0,rifle,2300
1068949,15,1248,Fade,41,Spectre,heavy,2050,1500,3300,68812,1265.0,smg,3950
1068949,15,2899,Breach,120,Vandal,heavy,0,4600,4600,68812,363.0,rifle,1900
1068949,15,1652,Sova,60,Phantom,light,0,3700,3700,68812,363.0,rifle,1900
1068949,15,1505,Raze,0,Vandal,heavy,100,4600,4600,68812,363.0,rifle,2000
1068949,15,11646,Jett,315,Vandal,heavy,2800,3900,4600,68812,1265.0,rifle,4700
1068949,15,1371,Cypher,0,Spectre,light,100,1000,2200,68812,1265.0,smg,2000
1068949,15,11474,Breach,259,Vandal,light,150,4000,4000,68812,1265.0,rifle,2050
1068949,15,2829,Brimstone,1075,Vandal,heavy,150,4550,4650,68812,363.0,rifle,2050
1068949,15,1685,Chamber,195,Vandal,heavy,0,4100,4200,68812,363.0,rifle,1900
1068950,16,585,Brimstone,0,Sheriff,,1600,900,1000,68812,1265.0,sidearm,4000
1068950,16,1248,Fade,52,Spectre,light,1500,2450,2450,68812,1265.0,smg,3900
1068950,16,2899,Breach,0,Vandal,heavy,1300,4600,4600,68812,363.0,rifle,3200
1068950,16,1652,Sova,0,Vandal,heavy,1300,4600,4600,68812,363.0,rifle,3200
1068950,16,1505,Raze,520,Vandal,heavy,200,0,4300,68812,363.0,rifle,2100
1068950,16,11646,Jett,28,Judge,light,1500,2600,2950,68812,1265.0,shotgun,3900
1068950,16,1371,Cypher,50,Sheriff,,1500,1300,1300,68812,1265.0,sidearm,3900
1068950,16,11474,Breach,50,Sheriff,,1450,800,800,68812,1265.0,sidearm,3850
1068950,16,2829,Brimstone,0,Vandal,light,200,3750,4050,68812,363.0,rifle,2100
1068950,16,1685,Chamber,727,Vandal,heavy,100,200,4200,68812,363.0,rifle,2000
1068951,17,585,Brimstone,510,Vandal,light,50,3950,4050,68812,1265.0,rifle,1950
1068951,17,1248,Fade,285,Vandal,light,350,3550,4000,68812,1265.0,rifle,2250
1068951,17,2899,Breach,580,Vandal,heavy,4050,250,4600,68812,363.0,rifle,5950
1068951,17,1652,Sova,0,Vandal,heavy,4000,300,4600,68812,363.0,rifle,5900
1068951,17,1505,Raze,0,Vandal,heavy,1950,1650,4750,68812,363.0,rifle,3850
1068951,17,11646,Jett,40,Vandal,light,200,3700,4000,68812,1265.0,rifle,2100
1068951,17,1371,Cypher,590,Vandal,heavy,0,3900,4000,68812,1265.0,rifle,1900
1068951,17,11474,Breach,0,Vandal,light,100,3750,3750,68812,1265.0,rifle,2000
1068951,17,2829,Brimstone,0,Vandal,heavy,2000,1200,5450,68812,363.0,rifle,3900
1068951,17,1685,Chamber,158,Vandal,heavy,2500,1200,5000,68812,363.0,rifle,4400
1068952,18,585,Brimstone,20,Vandal,light,350,200,4050,68812,1265.0,rifle,2250
1068952,18,1248,Fade,0,Vandal,heavy,1850,1700,4600,68812,1265.0,rifle,3750
1068952,18,2899,Breach,382,Vandal,heavy,2200,4150,4600,68812,363.0,rifle,4100
1068952,18,1652,Sova,25,Vandal,heavy,1300,4600,4750,68812,363.0,rifle,3200
1068952,18,1505,Raze,304,Vandal,heavy,2550,4200,4600,68812,363.0,rifle,4450
1068952,18,11646,Jett,0,Vandal,heavy,2200,3900,4600,68812,1265.0,rifle,4100
1068952,18,1371,Cypher,280,Vandal,heavy,0,500,4000,68812,1265.0,rifle,1900
1068952,18,11474,Breach,300,Vandal,heavy,1600,4400,4600,68812,1265.0,rifle,3500
1068952,18,2829,Brimstone,524,Vandal,heavy,0,3900,4650,68812,363.0,rifle,1900
1068952,18,1685,Chamber,0,Classic,heavy,300,1200,1300,68812,363.0,sidearm,2200
1068953,19,585,Brimstone,0,Sheriff,,1250,1000,1100,68812,1265.0,sidearm,3650
1068953,19,1248,Fade,0,Spectre,light,1300,2450,2450,68812,1265.0,smg,3700
1068953,19,2899,Breach,50,Vandal,heavy,700,0,4600,68812,363.0,rifle,2600
1068953,19,1652,Sova,93,Vandal,heavy,3600,700,4750,68812,363.0,rifle,5500
1068953,19,1505,Raze,515,Vandal,heavy,1150,4600,4600,68812,363.0,rifle,3050
1068953,19,11646,Jett,350,Classic,heavy,2900,1200,1500,68812,1265.0,sidearm,5300
1068953,19,1371,Cypher,0,Vandal,,1200,0,2900,68812,1265.0,rifle,3600
1068953,19,11474,Breach,0,Sheriff,light,2050,1650,1650,68812,1265.0,sidearm,4450
1068953,19,2829,Brimstone,0,Vandal,heavy,2750,650,4650,68812,363.0,rifle,4650
1068953,19,1685,Chamber,690,Operator,heavy,2100,5900,6000,68812,363.0,sniper,4000
1068954,20,585,Brimstone,774,Vandal,light,0,3950,4050,68812,1265.0,rifle,2900
1068954,20,1248,Fade,0,Vandal,light,200,3800,4000,68812,1265.0,rifle,3100
1068954,20,2899,Breach,200,Vandal,heavy,3000,700,4600,68812,363.0,rifle,4900
1068954,20,1652,Sova,209,Vandal,heavy,4900,1700,4750,68812,363.0,rifle,6800
1068954,20,1505,Raze,283,Vandal,heavy,3050,4400,4600,68812,363.0,rifle,4950
1068954,20,11646,Jett,0,Vandal,heavy,1500,4300,4600,68812,1265.0,rifle,4400
1068954,20,1371,Cypher,0,Vandal,light,0,3900,3500,68812,1265.0,rifle,2900
1068954,20,11474,Breach,0,Vandal,heavy,350,4400,4600,68812,1265.0,rifle,3250
1068954,20,2829,Brimstone,256,Vandal,heavy,5100,650,5450,68812,363.0,rifle,7000
1068954,20,1685,Chamber,275,Operator,heavy,2600,200,6800,68812,363.0,sniper,4500
1068955,21,585,Brimstone,25,Vandal,light,100,3500,3600,68812,1265.0,rifle,2000
1068955,21,1248,Fade,0,Vandal,light,100,3300,3750,68812,1265.0,rifle,2000
1068955,21,2899,Breach,275,Vandal,heavy,4750,1450,4600,68812,363.0,rifle,6650
1068955,21,1652,Sova,0,Vandal,heavy,4500,700,4750,68812,363.0,rifle,6400
1068955,21,1505,Raze,0,Vandal,heavy,4550,4600,4400,68812,363.0,rifle,6450
1068955,21,11646,Jett,860,Vandal,heavy,800,3900,4600,68812,1265.0,rifle,2700
1068955,21,1371,Cypher,0,Bulldog,light,150,3050,2650,68812,1265.0,rifle,2050
1068955,21,11474,Breach,588,Bulldog,heavy,50,3500,3500,68812,1265.0,rifle,1950
1068955,21,2829,Brimstone,0,Vandal,heavy,4200,4100,4650,68812,363.0,rifle,6100
1068955,21,1685,Chamber,565,Operator,heavy,4600,1200,7000,68812,363.0,sniper,6500
1068956,22,585,Brimstone,980,Vandal,heavy,1750,1650,4650,68812,1265.0,rifle,3650
1068956,22,1248,Fade,0,Vandal,heavy,1900,4400,4600,68812,1265.0,rifle,3800
1068956,22,2899,Breach,158,Vandal,heavy,2250,4600,4600,68812,363.0,rifle,4150
1068956,22,1652,Sova,40,Vandal,heavy,1650,4750,4750,68812,363.0,rifle,3550
1068956,22,1505,Raze,75,Vandal,heavy,2050,4400,4400,68812,363.0,rifle,3950
1068956,22,11646,Jett,0,Vandal,heavy,1250,550,4600,68812,1265.0,rifle,3150
1068956,22,1371,Cypher,105,Bulldog,light,500,2950,2650,68812,1265.0,rifle,2400
1068956,22,11474,Breach,0,Bulldog,heavy,0,3750,3750,68812,1265.0,rifle,1900
1068956,22,2829,Brimstone,655,Vandal,heavy,2000,4100,4650,68812,363.0,rifle,3900
1068956,22,1685,Chamber,470,Shorty,heavy,5050,1850,1950,68812,363.0,sidearm,6950
